image_id,label
rembrandt_portrait-of-rembrandt-s-father,1
tom-thomson_the-jack-pine-1917,0
giovanni-battista-piranesi_temple-of-ceres-and-faustina-1,4
maurice-denis_procession-de-fete-dieu,0
jan-steen_merry-threesom-1672,1
ivan-shishkin_forest-with-a-seated-figure,0
jean-david_heart,8
benjamin-west_thetis-bringing-the-armor-to-achilles-1808,1
pierre-alechinsky_vocabulaire-i,0
frans-hals_portrait-of-a-man,6
william-blake_illustration-to-milton-s-paradise-lost-1807-1,9
giovanni-paolo-panini_view-of-the-roman-forum-1747,1
ivan-aivazovsky_view-of-gunib-1868,7
eustache-le-sueur_st-gervase-and-st-protase-brought-before-anastasius,1
ivan-bilibin_illustration-for-the-russian-fairy-story-sister-alyonushka-and-brother-ivanushka-1901-3,0
carl-larsson_the-still-life-painter,0
edwin-henry-landseer_alexander-and-diogenes,7
ilya-repin_raising-of-jairus-daughter-1870,4
odilon-redon_the-buddha,0
jozsef-rippl-ronai_uncle-piacsek-dresser-in-front-of-the-black-1906,2
mykola-yaroshenko_funeral-of-firstborn-1893,6
maurice-denis_trinity-evening,2
jean-auguste-dominique-ingres_virgin-of-the-adoption-1858,4
odilon-redon_woman-and-the-mountain-landscape,1
heorhiy-narbut_illustration-to-three-fables-of-krylov-1911-1,0
bernardo-strozzi_the-piper,1
orest-kiprensky_portrait-of-nikita-mikhailovich-muraviev-1813,7
heorhiy-narbut_self-portrait-conversation-of-narbut-and-l-grabuzdov-1919,2
emily-carr_gitwangak-queen-charlotte-islands-1912,5
giovanni-battista-piranesi_fireplace-in-the-frieze-horse-skull-between-two-cameos-rich-interior-wing,4
francisco-goya_old-eating-soup-1823,1
ernst-ludwig-kirchner_two-bathing-girls-in-a-bathtub,2
konstantin-vasilyev_not-detected-272813,0
a-y-jackson_smart-river-alaska-1945,2
pablo-picasso_sleeping-man-and-sitting-woman-1,7
pablo-picasso_the-man-with-a-pipe-1968,8
nikolay-bogdanov-belsky_portrait-of-a-peasant,7
claude-monet_boat-at-low-tide-at-fecamp,3
paul-klee_clouds-over-bor-1940,3
jacob-van-strij_winter-city-view-with-children,3
konstantin-somov_cover-of-theater-program-theatre-de-l-hermitage,0
jose-gutierrez-solana_the-chorus-girls,1
joan-miro_not_detected_227985,8
m-c-escher_baby,0
egon-schiele_village-with-mountains-1907,3
ion-pacea_crizanteme,5
ivan-bilibin_costume-design-for-the-opera-fairytale-of-the-tsar-saltan-by-nikolai-rimsky-korsakov-1936,0
rene-magritte_the-glass-house-1939,2
vasily-surikov_salome-brings-head-of-saint-john-the-baptist-to-her-mother-herodias-1872,1
bartolome-esteban-murillo_ecce-homo,1
zdislav-beksinski_untitled-625,9
felicien-rops_bust-of-king-leopold-ii,5
leon-bonnat_giotto-gardant-les-ch-vres-1850,4
chronis-botsoglou_tribute-to-byzantine-masters-1986,3
konstantin-korovin_first-steps-of-prospectors-in-tundra-1894,5
alfred-sisley_banks-of-the-seine-wind-blowing-1894,3
lucian-freud_the-painter-s-garden-2004,6
candido-portinari_meu-primeiro-trabalho-1921,3
ivan-shishkin_clearing-in-the-forest-1889,6
konstantinos-parthenis_landscape-1903-1,5
jan-matejko_aleksander-jagiellonczyk,7
eugene-delacroix_the-miraculous-draught-of-fishes,1
john-singleton-copley_portrait-of-familie-copley-1776,4
raphael-kirchner_girls-heads-in-a-circle-1901-1,6
pierre-auguste-renoir_bouquet-of-flowers-in-an-earthenware-pitcher,5
john-william-godward_the-betrothed-1892,8
wilhelm-kotarbinski_dying-night,0
pierre-auguste-renoir_banks-of-the-river-1,3
claude-monet_lilacs-in-the-sun,3
rembrandt_a-study-of-a-woman-asleep-1630,5
paul-delvaux_birth-of-venus-1937,4
oswaldo-guayasamin_rigoberta-mench-1996,2
pablo-picasso_crouching-woman-1902,2
koloman-moser_head-of-the-girl-1896,1
william-adolphe-bouguereau_the-thank-offering-1867,1
auguste-rodin_untitled-1905,0
julius-leblanc-stewart_half-naked-woman-1877,1
nikolay-bogdanov-belsky_self-portrait,4
henry-raeburn_portrait-of-lucius-o-beirne-bishop-of-meath,6
ferdinand-hodler_standing-draped-figure,1
paula-modersohn-becker_two-girls-standing-on-the-birch-trunk,0
gustave-dore_christian-cavaliers-captive-at-cairo,7
fyodor-alekseyev_view-of-saint-michael-s-castle-1,6
paul-klee_still-life-with-thistle-bloom-1919,9
arnold-b-cklin_hymn-to-spring,4
vincent-van-gogh_beach-and-boats-1882,3
ivan-grohar_vrbe-ob-potoku-1911,3
eliseu-visconti_latin-american-presidental-inauguration-brazil-1891-1925,1
johan-christian-dahl_stalheim-1842,7
giovanni-battista-piranesi_ceres,4
marcus-larson_fjord-landscape-in-norway-1860,7
ioannis-altamouras_altamouras-ioannis-thalassografia,6
eug-ne-grasset_spring-1894,2
jacek-yerka_sun-spots,6
anders-zorn_christmas-morning-service-1908,1
gustave-dore_elijah-is-nourished-by-an-angel,7
ligia-macovei_unknown-title-13,2
giovanni-battista-piranesi_vedute-di-roma-38,4
claude-monet_the-manneport-at-high-tide,3
zdislav-beksinski_untitled-500,8
gerard-terborch_girl-in-peasant-costume-probably-gesina-the-painter-s-half-sister,4
kuzma-petrov-vodkin_in-the-children-s-1925,9
tom-thomson_winter-thaw-in-the-woods-1917,3
mikhail-vrubel_self-portrait-1904,1
aubrey-beardsley_at-the-relton-arms,0
arthur-hughes_the-nativity,2
pierre-paul-prud-hon_portrait-of-charles-maurice-de-talleyrand-perigord-1807,4
rembrandt_old-soldier,1
albert-bierstadt_bison-with-coyotes-in-the-background,7
sir-lawrence-alma-tadema_the-last-roses-1872,7
edouard-cortes_quai-de-montebello-winter,5
yiannis-moralis_self-portrait-with-nikos-nikolaou,7
dante-gabriel-rossetti_the-blessed-damozel-1878,1
georges-papazoff_trois-figures,8
pierre-paul-prud-hon_arts-wealth-pleasure-and-philosophy-arts,8
winslow-homer_the-life-line,3
rembrandt_the-stoning-of-st-stephen-1635,7
nicholas-roerich_monhigan-study-1922-18,9
william-turner_stonehenge,7
francisco-de-zurbaran_the-young-virgin-1630,1
camille-pissarro_rouen-burial-of-cardinal-bonnechose,0
gustav-klimt_sculpture,9
vasily-tropinin_not_detected_241138,1
orest-kiprensky_portrait-of-grigory-grigorievich-kushelev-1827-1,1
kuzma-petrov-vodkin_mother-1915,3
amedeo-modigliani_seated-nude-1917-2,2
paul-delvaux_at-sea-1934,8
david-burliuk_villa-of-w-r-wagner-1962,5
salvador-dali_anthropomorphic-bread-1,8
edouard-cortes_boulevard-de-la-madeleine-10,5
eugene-delacroix_faust-goethe-s-tragedy-1828,6
esaias-van-de-velde_landscape-with-skaters-on-a-bridge-with-sheep,1
pablo-picasso_reclining-woman-1932-1,8
ivan-bilibin_princess-in-the-prison-tower-illustration-of-the-russian-fairy-tale-the-white-duck-1902,0
giovanni-battista-piranesi_harpocrates,4
salvador-dali_glow-of-laport,8
gustave-moreau_the-unicorne-1885,4
rembrandt_the-holy-family-with-a-cat-1654,7
nicholas-roerich_ruins-of-a-chinese-fort-1926,9
egon-schiele_boy-in-a-sailor-suit-1913,2
jacques-louis-david_unfinished-portrait-of-general-bonaparte-1798,4
victor-brauner_the-complete-woman-project-c-1936,0
jean-auguste-dominique-ingres_study-for-the-martyrdom-of-st-symphorien,3
martiros-saryan_fairy-tale-1907,1
marc-chagall_artist-at-easel,2
paul-cezanne_fruits,8
margareta-sterian_illustration-for-v-voiculescu-s-last-shakespearean-sonnets-1982-3,2
zinaida-serebriakova_in-the-dressing-room-1924,7
pyotr-konchalovsky_the-tops-of-the-birches-1934,5
nicholas-roerich_sanctuaries-and-citadels-1925-3,0
nicholas-roerich_himalayas-nearly-sandahpu-1936,9
jules-perahim_untitled-1987,0
mary-cassatt_mother-playing-with-her-child,3
giovanni-battista-piranesi_urn-of-marble-lucius-calvin,4
viktor-vasnetsov_ivan-tsarevich-and-the-swan,0
amedeo-modigliani_portrait-of-picasso-1915-1,2
nicholas-roerich_castle-1936,0
raphael-kirchner_favorite-2,0
martiros-saryan_arzni-1942-1,1
vincent-van-gogh_landscape-with-alphonse-daudet-s-windmill-1888,5
john-william-godward_a-melody,9
felicien-rops_the-girl-in-the-cantine-for-pilots,4
zdislav-beksinski_untitled-1988,4
maxime-maufra_study-of-mountains-1904,3
william-merritt-chase_portrait-of-mrs-chase,3
nicholas-roerich_alps-study-1923,9
william-james-glackens_back-of-nude,9
pablo-picasso_seated-woman-1920,4
claude-monet_the-small-arm-of-the-seine-at-mosseaux-evening,3
billy-childish_st-john-s-church-chatham-2004,2
ernst-ludwig-kirchner_three-nudes,2
wassily-kandinsky_moscow-zubovskaya-square-study-1916,5
lovis-corinth_self-portrait-with-a-glass-1907,3
giovanni-battista-piranesi_the-roman-antiquities-t-2-plate-xlv-fragments-of-the-burial-chamber-opposite-the-church-of-st,4
koloman-moser_hyacinths,9
giovanni-battista-piranesi_the-roman-antiquities-t-3-plate-xlv-cross-section-of-the-pyramid-of-caius-cestius,4
william-adolphe-bouguereau_the-younger-brother-1902,6
marc-chagall_feast-day-rabbi-with-lemon-1914,0
pyotr-konchalovsky_portrait-of-japanese-artist-yabe-shan-1927,2
julian-alden-weir_at-the-piano,6
zdislav-beksinski_untitled-289,0
richard-diebenkorn_woman-in-profile,6
claude-monet_landscape-at-port-villez-1,3
marevna-marie-vorobieff_the-atelier-of-diego-rivera-in-rue-du-d-part-diego-rivera-ehrenbourg-and-juan-gris-paris-in,2
ivan-bilibin_crimea-koktebel-1939-1,0
abraham-manievich_autumn,5
theo-van-doesburg_farmer-1910,6
francisco-goya_playing-at-giants-1792,4
joan-ponc_la-roca-1972,8
karl-schrag_self-portrait-1963,2
marc-chagall_illustration-for-review-troyer-courant-1922-5,9
marc-chagall_the-couple-a-holy-family-1909,2
giovanni-battista-piranesi_the-feast-in-the-house-of-simon-the-pharisee,4
vincent-van-gogh_three-hands-2,2
marcel-duchamp_play-1902,0
paul-gauguin_stream-in-osny-1883,5
salvador-dali_the-grand-opera,8
konstantinos-parthenis_still-life-with-bottles,0
benjamin-west_death-on-the-pale-horse-1796,1
paul-delvaux_the-girls-from-the-provinces-1962,4
fyodor-alekseyev_potemkin-street,7
maurice-utrillo_st-pierre-de-montmartre,6
claude-monet_the-seine-near-argenteuil,3
joan-miro_carota,8
peter-paul-rubens_landscape-with-cows-and-wildfowlers,1
pablo-picasso_faun-unveiling-a-sleeping-girl-jupiter-and-antiope-after-rembrandt-1936,7
jacek-yerka_steam-alarm-clock-with-a-polyphonic-whistle,4
pablo-picasso_seated-woman-olga-1920-1,4
lucian-freud_eli-and-david-2006,4
n-c-wyeth_african-warrior,2
sir-lawrence-alma-tadema_fhe-frigidarium-1890,7
mikhail-vrubel_sitter-in-the-renaissance-setting-1883,7
thomas-eakins_study-of-a-leg-1869,9
esaias-van-de-velde_ferry-boat-1622,1
giovanni-battista-piranesi_cell-on-the-inside-of-the-basilica-of-st-paul-outside-the-walls,4
pierre-auguste-renoir_algerian-girl-1881,3
rembrandt_minerva,1
raphael-kirchner_pierrot-s-love,0
jose-gutierrez-solana_the-blessed-1933,7
alfred-sisley_by-the-river-1881,3
odilon-redon_the-origins,9
peter-paul-rubens_st-george-with-martyrs-maurus-papianus-domitilla-nerus-and-achilleus,1
ford-madox-brown_chetham-s-life-dream,5
anthony-van-dyck_double-portrait-of-the-painter-frans-snyders-and-his-wife,1
gustave-loiseau_the-auxerre-cathedral-1907-1,5
walter-battiss_daddy-long-legs-1978,2
adolphe-joseph-thomas-monticelli_three-friends,6
giovanni-battista-piranesi_the-roman-antiquities-t-2-plate-xxviii-plan-and-elevation-cross-section-of-the-tomb-of-the-1756,4
boris-grigoriev_faces-of-russia-1923,2
rembrandt_head-and-bust-full-face-1630,1
peter-paul-rubens_sine-cerere-et-baccho-friget-venus,4
auguste-rodin_eve-fairfax-1905,4
nicholas-roerich_patrol-1905,0
giovanni-battista-piranesi_altar-dedicated-to-apollo-found-in-the-villa-of-pompey-the-great-in-albano,4
balthus_the-room,8
piroska-szanto_szentendre-1943,8
gustave-courbet_sleeping-nude,1
pierre-puvis-de-chavannes_the-keeper-of-goats,9
giovanni-battista-piranesi_orestes-and-electra,4
giovanni-battista-piranesi_view-in-perspective-of-a-candlestick,4
johannes-itten_bergsee-a-mountain-lake-1936,9
theodore-gericault_entrance-to-the-adelphi-wharf,7
christen-kobke_view-of-a-street-in-sterbro-outside-copenhagen-morning-light-1836,7
vincent-van-gogh_a-lane-of-cypresses-with-a-couple-walking-1888,5
giovanni-battista-piranesi_another-view-in-perspective-of-the-same-tripod,4
mikhail-vrubel_a-lady-in-lilac-portrait-of-nadezhda-zabela,3
claude-monet_park-monceau-3,3
moise-kisling_nude-woman-lying-on-the-grass,5
nicholas-roerich_himalayas-ridge-kanchendganga,9
odilon-redon_a-strange-juggler-1885,8
frits-thaulow_the-mill,3
federico-zandomeneghi_the-white-collar,3
odilon-redon_closed-eyes-1890,2
john-singleton-copley_gregory-towsend-1756,5
odilon-redon_portrait-of-madame-redon-with-ari,3
theodore-rousseau_view-of-the-plain-of-montmartre-x-effect-of-storm-1848,3
willem-de-kooning_the-glazier,8
viktor-vasnetsov_guslars-1899,7
jan-matejko_the-young-man,2
claude-monet_grainstack-at-giverny,3
giovanni-battista-piranesi_bacchante-dancing,4
franz-richard-unterberger_genoa,7
paul-gauguin_orana-maria-hail-maria-1894,0
william-blake_illustration-to-milton-s-paradise-lost-1807-2,2
sever-burada_tatar-houses-in-balchik,5
paul-cezanne_mont-sainte-victoire-1887-2,9
vincent-van-gogh_view-of-paris-from-near-montmartre-1886,6
adriaen-van-ostade_inn-scene,1
heorhiy-narbut_cover-of-album-ukrainian-alphabet-1917,0
henri-martin_church-by-the-river-1921,5
marsden-hartley_eight-bells-folly-memorial-to-hart-crane-1933,8
vincent-van-gogh_blossoming-almond-branch-in-a-glass-with-a-book-1888,5
orest-kiprensky_neapolitan-boys-fishermen-1829,1
diego-velazquez_portrait-of-the-infanta-maria-marguerita-1654,1
giovanni-battista-piranesi_the-roman-antiquities-t-3-plate-vi-view-the-remains-above-ground-of-the-ancient-ustrine-and,4
ferdinand-hodler_the-reaper,6
ossip-zadkine_couple,2
giovanni-battista-piranesi_chariot-of-venus,4
fyodor-vasilyev_clouds-the-village-of-krestinskoye,3
janos-tornyai_winter-landscape-with-violet-lights,6
vincent-van-gogh_sheaves-of-wheat-1890-1,9
maurice-utrillo_landscape,6
konstantin-somov_girl-under-the-sun,3
jacek-yerka_the-silence,4
thomas-eakins_the-brinton-house-1878,4
william-adolphe-bouguereau_the-younger-brother-1900,6
rembrandt_the-apostle-bartholomew-1661,7
giovanni-battista-piranesi_a-view-of-the-surpluses-above-the-baths-of-diocletian,4
margareta-sterian_park-descending-towards-harlem-new-york-1932,2
nicholas-roerich_she-who-holds-the-world-1933,9
odilon-redon_young-girl-facing-left,9
anthony-van-dyck_portrait-of-clelia-cattaneo-daughter-of-marchesa-elena-grimaldi-1623,1
jules-cheret_cacao-lhara-1890,0
robert-julian-onderdonk_field-of-bluebonnets-under-cloudy-sky,3
edouard-cortes_rue-de-lyon,5
jean-francois-millet_death-and-the-woodcutter,1
anthony-van-dyck_portrait-of-a-young-general-1627,1
giovanni-battista-piranesi_the-roman-antiquities-t-3-plate-xxxviii-plan-of-the-rooms-adjoining-the-burial-chambers-above,4
peter-paul-rubens_madonna-della-vallicella,1
salvador-dali_study-of-nude,9
william-adolphe-bouguereau_the-italian-tambourine,4
rene-magritte_georgette-magritte-1934,8
giovanni-battista-piranesi_general-sections-of-the-three-previous-houses,4
alexey-bogolyubov_venice,4
constantin-piliuta_pears-and-grapes,8
jules-perahim_composition-surr-aliste-v-1985,0
martiros-saryan_seller-of-greens-1912,2
nicholas-roerich_toghrak-dong,9
william-shayer_the-road-side-inn-somerset,1
bartolome-esteban-murillo_the-infant-jesus-between-the-virgin-and-st-joseph-1,4
m-c-escher_grasshopper,9
william-turner_rome-from-monte-testaccio,3
giovanni-battista-piranesi_cover-page-above-the-eagle-of-the-holy-apostles-roman-portico-at-the-bottom-of-the-vases-in-the,4
ernst-ludwig-kirchner_artist-begging-for-applause,0
giovanni-battista-piranesi_meleager,4
agostino-carracci_dog,2
nicolae-tonitza_little-girl-1928,2
salvador-dali_melancholy-atomic,8
giovanni-battista-piranesi_zabaglia-caricature-of-nicholas-the-reverend-fabric-of-st-engineer-peter,7
nicholas-roerich_wanderer-from-the-resplendent-city-1933,9
nicholas-roerich_father-frost-1912,8
anita-malfatti_fernanda-de-castro-1922,2
jacek-malczewski_portrait-of-j-zef-pi-sudski-1916,5
max-ernst_the-beautiful-season-1925,8
ilya-repin_portrait-of-a-woman-1874,7
nicholas-roerich_study-to-book-of-wisdom,9
pablo-picasso_portrait-of-jaime-sabartes-the-bock-1901,2
aleksey-antropov_portrait-of-tsar-peter-iii-1728-62-1762,6
giovanni-battista-piranesi_the-roman-antiquities-t-1-plate-xxi-arch-of-janus-1756,4
nicholas-roerich_bekas-1893,6
francisco-de-zurbaran_adoration-of-the-shepherds,1
max-pechstein_die-schwalben-sammeln-sich-ckeritz-i-pommern-1949,0
rene-magritte_the-muscles-of-the-sky-1927,0
raphael-kirchner_geisha-4,0
konstantin-makovsky_italian,7
edouard-vuillard_sacha-guitry-in-his-dressing-room-1912,3
diego-velazquez_cardinal-camillo-massimi-1650,7
gustave-courbet_la-ferme-de-bonnevaux,6
george-frederick-watts_ellen-terry-asleep,1
billy-childish_tea-drinker-high-atlas-2008,2
john-william-godward_a-classical-beauty-in-profile,4
giovanni-battista-piranesi_bacchus-in-the-act-of-drinking,4
albert-anker_grossvater-mit-zeitung-1906,0
konstantin-bogaevsky_crimean-campagna-1938,7
boris-kustodiev_portrait-of-ilya-repin-1902,6
eugene-boudin_port-at-low-tide,5
victor-hugo_planet-1866,9
konstantin-somov_oranienbaum,6
frans-snyders_the-wild-boar-hunt,1
ilya-repin_nude-model-from-behind-1896,4
martiros-saryan_illustration-to-a-poem-by-firdausi-shahnameh-1934,6
armand-guillaumin_vue-de-port-1880,3
ivan-shishkin_swiss-landscape-1866,6
mikalojus-ciurlionis_vision-1905,8
yannoulis-chalepas_beauty-cast-from-the-family-tomb-of-wisdom-afentaki-in-the-first-cemetery-of-athens-1878,9
alexey-venetsianov_checkered-shawl,5
ivan-aivazovsky_the-bay-of-naples-1845,9
nicholas-roerich_tibetian-camp-1936,9
raphael-kirchner_greek-girls-2,0
helene-schjerfbeck_annuli-reading-1923,9
salvador-dali_portrait-of-a-woman-grey-jacket-wearing-a-pearl-necklace,8
ernst-ludwig-kirchner_sleeping-nilly,8
ivan-aivazovsky_sea-view-1899,7
rembrandt_saskia-with-a-red-flower-1641,1
peter-paul-rubens_assumption-of-the-virgin,1
vincent-van-gogh_landscape-with-olive-tree-and-mountains-in-the-background-1888,8
giovanni-battista-piranesi_view-of-the-tavern-of-pompeii-dedicated-to-priapus,4
giovanni-battista-piranesi_the-blessed-virgin-and-st-child-appear-three-religious-kneeling,4
jacques-louis-david_self-portrait,1
sorin-dumitrescu_unknown-title-7,2
jacob-van-strij_odysseus-discovers-achilles,1
aleksey-savrasov_a-spring-day-1873,6
rembrandt_balaam-s-ass-1626,1
paul-klee_evening-shows-1935,2
konstantin-somov_sketch-of-book-cover,9
pablo-picasso_untitled-1939-4,8
thomas-eakins_portrait-of-frank-hamilton-cushing-1895,1
giovanni-battista-piranesi_the-roman-antiquities-t-2-plate-xxxiv-grand-marble-urn-believed-to-alexander-severus-and-his-1756,4
mstislav-dobuzhinsky_the-district-court-1923,7
francisco-de-zurbaran_the-house-of-nazareth-1640,1
remedios-varo_vegeta-vampires,8
zinaida-serebriakova_still-life-with-a-jug-1952,2
gustave-loiseau_wooded-landscape,3
rembrandt_self-portrait-10,7
pietro-da-cortona_madonna-and-saints-1628,1
paul-cezanne_tulips-in-a-vase-1892,2
edward-burne-jones_sybil,2
nicholas-roerich_issa-and-giant-s-head-1932,9
zdislav-beksinski_untitled-442,6
burhan-dogancay_a-farm-house-in-france-1952,2
yves-tanguy_death-awaiting-his-family-1927,3
odilon-redon_profile-of-a-young-girl,9
pierre-narcisse-guerin_idler,4
theodore-gericault_a-man-1819,1
tamara-de-lempicka_surrealist-hand-1947,2
mordecai-ardon_composition-with-the-sun,0
nikolai-ge_self-portrait,1
vincent-van-gogh_orchard-in-blossom-bordered-by-cypresses-1888,5
pyotr-konchalovsky_portrait-of-zinaida-konchalovskaya-1911,5
lev-lagorio_landscape-with-lake-1859,6
eugene-delacroix_horse-attacked-by-lioness-1842,4
mikhail-shibanov_catherine-the-great,1
paul-cezanne_chateau-de-madan,3
ivan-shishkin_cut-down-birch-1864,2
vasily-polenov_the-river-oyat-1880,3
ligia-macovei_unknown-title-26,5
sir-lawrence-alma-tadema_thou-rose-of-all-the-roses,4
pablo-picasso_sleeper-near-the-shutters-1936,2
vincent-van-gogh_the-starry-night-1888,8
franz-stuck_sounds-of-spring-1910,6
rene-magritte_jean-marie-1948,0
theo-van-rysselberghe_portrait-of-maria-van-rysselberghe-1926,2
john-singer-sargent_alice-vanderbilt-shepard-1888,4
salvador-dali_woman-nursing-her-son,2
vincent-van-gogh_landscape-with-couple-walking-and-crescent-moon-1890,5
harry-clarke_tales-of-mystery-and-imagination-by-edgar-allan-poe-1923-10,8
sir-lawrence-alma-tadema_flag-of-truce-1900,7
christoffer-wilhelm-eckersberg_portrait-of-faktor-fjellerups-kone,2
frans-hals_portrait-of-a-man-1654,1
paul-gauguin_portrait-of-claude-antoine-charles-favre-1877,1
aubrey-beardsley_on-alert,0
eugene-delacroix_christ-on-the-sea-of-galilee-1854,3
carlo-carra_il-figlio-del-costruttore-1921,4
george-stubbs_diagram-from-the-anatomy-of-the-horse,9
pablo-picasso_big-heads-1969,2
henri-de-toulouse-lautrec_tristan-bernard-at-the-buffalo-station-1895,2
raphael-kirchner_happy-easter-1901,0
mstislav-dobuzhinsky_winter-in-the-city-1904,8
camille-pissarro_view-of-pontoise-1873,3
guido-reni_charity,4
frans-hals_portrait-of-a-man-1650,1
henri-matisse_still-life-with-a-pewter-jug-and-pink-statuette-1910,5
david-burliuk_dacha-near-saint-petersburg,9
georges-braque_nude-woman-with-basket-of-fruit-canephorus-1926,2
moise-kisling_sitting-nude-1923-1,4
kuzma-petrov-vodkin_female-model-1910,2
max-ernst_dark-forest-and-bird,2
kuzma-petrov-vodkin_negro-village-1907,8
karl-bodmer_chief-of-the-blood-indians-war-chief-of-the-piekann-indians-and-a-koutani-indian-plate-46-from-1844,7
zinaida-serebriakova_young-girl,2
claude-monet_zaan-at-zaandam-1,7
arshile-gorky_garden-in-sochi,8
giovanni-battista-piranesi_view-of-one-of-monuments-in-ancient-circus,4
max-ernst_illustration-to-a-week-of-kindness-1934-140,8
esaias-van-de-velde_winter-landscape-with-farmhouse-1624,1
martiros-saryan_portrait-of-i-shchukin-1911,2
maurice-utrillo_rue-lepic,3
paul-delvaux_dryads-1966,0
edouard-cortes_flower-market-at-la-madeleine-2,3
odilon-redon_spring-1883,7
vilmos-aba-novak_daylabourers-with-wheelbarrows-1927,5
giovanni-battista-piranesi_view-from-the-rear-of-this-curule-chair,4
william-leighton-leitch_church-of-santa-maria-del-carmine-naples-1840,1
eileen-agar_surrealist-hat-1956,0
ivan-bilibin_sketches-of-scenery-for-aleksey-verstovsky-s-askold-s-grave-mikhail-glinka-s-ruslan-and-1912,3
billy-childish_erupting-volcano-2011,9
andre-derain_golden-age,2
jean-metzinger_embarkation-of-harlequin-arlequin-1923,8
vincent-van-gogh_studies-figure-the-enclosure-wall-of-saint-paul-hospital-and-others-1889,8
antoine-blanchard_porte-st-denis-5,5
joseph-wright_d-ewes-coke-his-wife-hannah-and-daniel-parker-coke,1
isaac-levitan_at-the-seashore,5
theodore-chasseriau_la-d-fense-des-gaules-1855,1
john-constable_portrait-of-maria-bicknell-1816,7
rene-magritte_the-happy-donor-1966,2
canaletto_the-molo-and-the-piazzetta-san-marco-venice,1
john-constable_the-mill-stream-1815,6
camille-corot_twisted-trees-on-a-ridge-sunset,6
jozsef-rippl-ronai_lajos-und-odon-1918,2
francisco-goya_hush-1799,4
alexandre-benois_magician-costume-design,0
orest-kiprensky_self-portrait-1820,1
marc-chagall_red-roofs-1954,2
jacob-jordaens_the-bean-king-the-king-drinks-1638,1
gustave-loiseau_spring-landscape-1907,3
guido-reni_st-john-the-baptist-in-the-wilderness-1625,1
gabriel-metsu_the-dismissal-of-hagar,1
konstantin-somov_lady-by-the-pool,3
jean-paul-lemieux_la-r-cr-ation-1961,2
salvador-dali_untitled-female-figure-with-catalonian-bread,8
egon-schiele_reclining-boy-leaning-on-his-elbow-1917,2
jacek-yerka_cowan-city,6
juan-de-valdes-leal_assumption-of-the-virgin-1659,7
yov-kondzelevych_icon-spas-nerukotvornyi-savior-not-made-by-hands-from-the-maniava-hermitage-iconostasis-1705,2
vincent-van-gogh_cypresses-1889-3,1
frederick-sommer_giant-1947,8
sidney-nolan_ned-kelly-1946,8
guy-rose_twin-lakes-high-sierra,3
angelica-kauffman_christ-and-the-samaritan-woman-at-the-well-1796,4
sebastien-bourdon_death-of-dido-1640,1
claude-monet_rouen-cathedral-at-noon,2
salvador-dali_javanese-mannequin,8
giovanni-battista-piranesi_ction-of-the-pedestal-of-trajan-column-the-main-port-and-first-order-of-steps,4
zinaida-serebriakova_snowflakes-1923,9
jan-steen_dancing-couple-detail-1663-11,1
edouard-vuillard_portrait-of-a-woman-in-profile,3
jean-auguste-dominique-ingres_the-golden-age,1
vincent-van-gogh_cypresses-and-two-women-1890,5
anna-ostroumova-lebedeva_leningrad-fontanka-and-the-summer-garden-in-frost-1929,9
gustave-moreau_a-esfinge-vencedora,9
gustave-moreau_satyrs-1892,3
maurice-utrillo_sacre-coeur-2,0
felix-vallotton_portrait-of-french-writer-paul-claudel-1898,0
amedeo-modigliani_jeanne-hebuterne-1919,2
viktor-vasnetsov_russian-bishops-1896,0
giovanni-battista-piranesi_three-clocks-two-chairs-a-chandelier,4
bartolome-esteban-murillo_sleeping-man,4
henri-matisse_entrance-to-the-kasbah-1912,2
paul-cezanne_achille-emperaire,2
ilya-repin_warrior-xvii-century-1879,9
pieter-de-hooch_dutch-family,1
francisc-sirato_autoportret,2
viktor-vasnetsov_oleg-at-his-horse-s-remains-1899,9
nicholas-roerich_two-girls-1930,0
frans-hals_portrait-of-a-woman-5,1
koloman-moser_picture-book-for-the-niece-of-ditha-mautner-von-markhof-1904-5,0
mihaly-munkacsy_evening-in-parc-monceau-1895,7
nicolae-tonitza_catrina-1,3
giovanni-battista-piranesi_ancient-mausoleum-erected-to-the-ashes-of-a-roman-emperor,4
wilhelm-kotarbinski_leela-wend,9
andre-masson_the-fruits-of-the-abyss,4
antonio-canova_self-portrait-1792,1
john-henry-twachtman_winter-landscape-cincinnati,6
joan-miro_women-and-birds-at-sunrise,8
alexandre-benois_oranienbaum-the-monkey-cabinet-in-roller-coaster-hall,3
vincent-van-gogh_head-of-a-boy-with-broad-brimmed-hat-1890,5
giovanni-battista-piranesi_vedute-di-roma-35,4
max-kurzweil_the-farrier,7
marc-chagall_artist-over-vitebsk,2
valentin-serov_quartet,6
ivan-bilibin_illustration-for-alexander-pushkin-s-fairytale-of-the-tsar-saltan-1905-6,0
zdislav-beksinski_untitled-292,4
christen-kobke_rough-sea-on-a-rocky-coast-1839,7
bartolome-esteban-murillo_vision-to-st-francis-1646,1
fyodor-alekseyev_view-of-the-sovereign-s-palace-and-the-church-of-the-annunciation-in-the-rye-yard,3
pierre-auguste-renoir_woman-in-a-landscape,3
adriaen-van-de-velde_a-classical-landscape-1671,1
alphonse-mucha_champagne-printer-publisher-1897,0
serge-sudeikin_dairy-hour,6
nicholas-roerich_madonna-laboris-1933,9
konstantin-makovsky_portrait-23,2
raphael-kirchner_heart-lady-2,0
gustave-moreau_st-sebastian-and-the-angel-1876,9
childe-hassam_celia-thaxter-s-garden-isles-of-shoals-maine,3
vasily-surikov_river-ob-1895,3
ernst-ludwig-kirchner_bathing-women-between-white-rocks,2
joseph-wright_sir-richard-arkwright-1790,1
odilon-redon_the-boat-virgin-with-corona,9
nicholas-roerich_monhigan-study-1922-28,2
dado_the-large-farm-1963,5
otto-dix_dying-warrior,2
giovanni-battista-piranesi_view-of-elevation-above-the-vessel,4
irma-stern_berber-girl-1945,7
fernand-khnopff_aktstudie-1912,7
carlos-merida_anthropomorphic-still-life-1958,8
paul-cezanne_apples-on-a-sheet,5
rembrandt_a-repose-in-outline-1645,6
auguste-herbin_house-at-the-water-1905,5
max-ernst_illustration-to-a-week-of-kindness-1934-84,8
andrei-ryabushkin_a-young-man-breaking-into-the-girls-dance-and-the-old-women-are-in-panic,0
canaletto_riva-degli-schiavoni-looking-east-1730-1,1
john-william-godward_a-melody-1904,4
henry-herbert-la-thangue_a-proven-al-stream-1903,3
vincent-van-gogh_walking-couple-1886,0
abraham-van-strij_stop-for-an-inn,4
franz-marc_deer-at-dusk-1909,7
francis-picabia_the-acrobates,8
salvador-dali_the-metamorphosis-of-narcissus,2
gustav-klimt_the-swamp-1900,3
henri-matisse_seated-figure-striped-carpet-1920,3
rembrandt_a-beggar-and-a-companion-piece-turned-to-the-right-1634,1
eugene-boudin_the-beach-at-trouville-1864-1,3
eugene-boudin_scheveningen-boats-aground-on-the-shore-1875,6
jan-steen_dancing-couple-detail-1663-6,8
alexandre-benois_ray-embankment-in-basel-in-the-rain-1896-1,3
gustave-dore_the-vision-of-death,7
nicholas-roerich_lake-in-the-mountains-1,9
frans-hals_portrait-of-a-man-1633,1
boris-kustodiev_bather-seated-on-the-shore-1926,0
pierre-bonnard_study-for-profile-of-a-woman-in-a-bow-tie,3
martiros-saryan_a-street-evening-1910,2
caravaggio_still-life-with-flowers-and-fruit-1601,1
bartolome-esteban-murillo_st-isidor-1655,4
gustave-dore_don-quixote-58,7
rembrandt_studio-scenne-with-sitters-1650,8
jacek-yerka_strawberry-tree-1,6
marie-laurencin_woman-with-dove-1919,2
charles-francois-daubigny_eel-fishermen-1864,7
winslow-homer_fisherwomen-cullercoats,6
joaqu-n-sorolla_elenita-at-the-beach-asturias-1903,3
caravaggio_portrait-of-alof-de-wignacourt-and-his-page-1608,1
pablo-picasso_bathers-1920,8
kuzma-petrov-vodkin_theatre-drama,2
francesco-hayez_portrait-of-teresa-borri,1
edvard-munch_self-portrait-between-the-clock-and-the-bed-1943,5
giovanni-battista-piranesi_jesus-carried-to-calvary-2,7
zdislav-beksinski_untitled-519,8
ion-pacea_natur-static-cu-vas-i-fructe,8
frederick-sommer_coyote-1945,2
boris-kustodiev_tula-stage-design-for-e-zamyatin-s-play-the-flea-1925,8
giovanni-battista-piranesi_details,4
santiago-rusinol_jardines-del-pirata-mallorca,0
rafael-zabaleta_surrealistic-dream,1
gerrit-dou_the-quack-1652,1
vincent-van-gogh_portrait-of-camille-roulin-1888-1,5
nikolay-bogdanov-belsky_the-wedding,0
conroy-maddox_doctor-faustus,8
henri-matisse_seated-odalisque-1922,5
claude-monet_zaandam-little-bridge,5
gustav-klimt_country-garden-with-sunflowers-1906,0
paul-cezanne_still-life-with-apples-and-fruit-bowl-1882,5
walter-sickert_view-of-bath-from-belvedere,5
camille-corot_village-at-the-foot-of-a-hill-ile-de-france,3
ivan-aivazovsky_passage-of-the-jews-through-the-red-sea-1891,7
kuzma-petrov-vodkin_spring-in-the-country-1929,3
akseli-gallen-kallela_stockflotte-1908,8
walter-sickert_the-straw-hat,9
oswaldo-guayasamin_from-la-edad-de-la-ternura-series,8
william-adolphe-bouguereau_study-of-a-young-girl-s-head,4
adolphe-joseph-thomas-monticelli_seascape-near-marseille-fantastic-village,3
nicholas-roerich_himalayas-18,9
osman-hamdi_the-musician-girl-1880,8
aleksey-antropov_archbishop-sylvester-kuliabka,1
rembrandt_minerva-1635,1
robert-julian-onderdonk_san-antonio-river-1920,6
wolfgang-paalen_genius-of-the-species-1938,8
philip-wilson-steer_landscape-with-trees-in-yorkshire,8
andrei-ryabushkin_volga-vseslavevich,5
ferdinand-hodler_the-german-students-in-the-war-of-liberation-of-1813-1908-1,2
pablo-picasso_jeanne-reclining-nude-1901,5
mikhail-nesterov_a-hand-with-flowers,3
marc-chagall_study-to-exodus,2
walter-sickert_st-mark-s-venice,6
william-turner_storm-clouds-sunset,9
marie-laurencin_jeune-fille-la-guirlande-de-fleurs-1935,7
annibale-carracci_st-margaret-1599,1
ivan-rutkovych_icon-christ-in-glory-1699,0
caravaggio_calling-of-saint-matthew,1
georges-lacombe_yellow-sea,2
rembrandt_the-entombment-1635,1
william-adolphe-bouguereau_harvester-1875,7
frans-hals_anna-van-der-aar-1626,1
william-merritt-chase_at-the-boat-landing,3
vincent-van-gogh_beer-tankards-1885,8
odilon-redon_eve-1904,9
vasily-surikov_evening-in-petersburg-1871,3
boris-kustodiev_boy-with-teddy-bear-1907,7
ligia-macovei_still-life,5
jacek-yerka_hunter-s-morning,8
giovanni-battista-piranesi_two-friezes,4
nicholas-roerich_snakes-facing-whisperer-a-serpent-1912,5
peter-paul-rubens_landscape-with-an-avenue-of-trees,3
nicholas-roerich_tervus,9
odilon-redon_everywhere-eyeballs-are-aflame-1888,8
jan-steen_card-players,1
heorhiy-narbut_illustration-to-ivan-krylov-s-fable-the-ant-and-the-dragonfly-1912,2
ivan-bilibin_russian-folk-art-illustration-for-the-magazine-world-of-art-1904-1,0
paul-cezanne_seated-woman-1879,5
lovis-corinth_the-abduction-1918,2
dorothy-lathrop_illustration-for-hitty-1,2
pablo-picasso_mother-and-child-1921,7
vincent-van-gogh_country-road-1890,7
paul-cezanne_large-bathers,5
gustave-loiseau_grand-quay-fecamp,5
thomas-eakins_photograph-1910-21,6
heorhiy-narbut_illustration-for-the-book-how-mice-buried-the-cat-by-zhukovsky-1910-3,0
christo-coetzee_betelgeuse-astronaut-1978,8
jacques-louis-david_nude-study-of-pope-pius-vii-1805,4
pablo-picasso_untitled-1939-8,2
giovanni-battista-piranesi_two-sides-of-sedan-chairs-two-tables-to-the-wall-nine-chandeliers,4
vincent-van-gogh_soup-distribution-in-a-public-soup-kitchen-1883,6
zinaida-serebriakova_nude-girl,4
maurice-prendergast_venetian-canal-scene,0
zdislav-beksinski_untitled-395,8
giovanni-battista-piranesi_equestrian-statue-of-marcus-aurelius,4
lucian-grigorescu_bucure-tiul-vechi-dinspre-sf-spiridon,3
claude-monet_the-road-to-the-farm-of-saint-simeon-1,3
rene-magritte_the-female-thief-1927,8
raphael-kirchner_roma-5,0
jean-baptiste-simeon-chardin_wild-rabbit-with-game-bag-and-powder-flask-1730,7
lyonel-feininger_the-dome-in-halle-1930,6
george-luks_boulders-on-a-riverbank-1919,5
pablo-picasso_the-tragedy-1903,8
henri-matisse_pont-saint-michel-in-paris,5
wilhelm-kotarbinski_rain-song,0
rembrandt_abraham-franz-1656,7
vasily-vereshchagin_kyrgyz-bride-outfit-with-a-headdress-covering-the-face-1870,4
henri-de-toulouse-lautrec_little-dog-1888,9
rembrandt_view-of-amsterdam-1640,6
ivan-aivazovsky_windmills-in-the-ukrainian-steppe-at-sunset-1862,7
odilon-redon_vision,9
vasily-perov_scene-on-a-grave-1859,1
boris-kustodiev_playing-the-whist-1905,1
marcel-duchamp_portrait-of-jacques-villon,9
dante-gabriel-rossetti_sketch-for-dante-at-verona-with-a-preliminary-study-for-the-principal-figure,5
constantin-artachino_balcic-gulf,3
raphael-kirchner_princess-riquette,0
sidney-nolan_disguise-1967,2
cuno-amiet_atmosphere-1932,5
mario-ballocco_l-homo-perplesso-1950,8
edward-burne-jones_the-vision-of-saint-catherine,9
harry-clarke_the-year-s-at-the-spring-1920-10,9
arthur-segal_der-bildhauer-1919,2
giovanni-battista-piranesi_the-roman-antiquities-t-4-plate-xxv-plan-of-the-theatre-of-marcellus,4
ivan-shishkin_the-mordvinovo-oaks-1891,6
peter-paul-rubens_the-meeting-of-abraham-and-melchizedek,1
willard-metcalf_on-the-suffolk-coast,3
josefa-de-obidos_s-o-jos-e-o-menino,1
zinaida-serebriakova_bathing-1917,2
ernst-ludwig-kirchner_self-portrait-with-model,2
salvador-dali_landscape-with-hidden-image-of-michelangelo-s-david,5
ivan-shishkin_at-the-edge-of-the-forest,1
henri-martin_sunny-doorway,3
henry-raeburn_general-sir-william-maxwell,1
henri-fantin-latour_flowers-and-fruit-1865,6
angelica-kauffman_family-portrait-of-catherine-petrovna-baryatinskiy,4
karl-bodmer_crow-indians-plate-13-from-volume-1-of-travels-in-the-interior-of-north-america-1843,7
gabriel-metsu_woman-eating,1
giovanni-paolo-panini_a-capriccio-of-the-roman-forum-1741,7
john-singleton-copley_portrait-of-a-woman-1755,4
raphael-kirchner_girls-with-purple-surrounds-1900-7,0
dante-gabriel-rossetti_annie-miller-1877-1,7
david-teniers-the-younger_the-archduke-leopold-wilhelm-in-his-picture-gallery-in-brussels,1
max-beckmann_columbine,1
asgrimur-jonsson_view-of-elli-a-rvogur-reykjav-k-1930,5
jacob-jordaens_neptune-creating-the-horse-1645,1
maurice-prendergast_harbor-afternoon,5
amedeo-modigliani_jeanne-hebuterne-in-red-shawl-1917-1,2
ernst-ludwig-kirchner_hallesches-tor-berlin,5
salvador-dali_gala-s-castle-at-pubol,8
kuzma-petrov-vodkin_self-portrait-1912,2
fyodor-bronnikov_bellagio-1875,7
vincent-van-gogh_the-woodcutter-after-millet-1890,5
giovanni-battista-piranesi_bacchante-with-a-sword,4
ferdinand-georg-waldm-ller_tree-studies-from-rome-1846,6
franz-xaver-winterhalter_adelina-patti,7
wols_la-fiesta-1939,2
nicholas-roerich_shchegolikha-1912-1,0
raoul-dufy_window-with-coloured-glasses-1906,2
marc-chagall_study-to-song-of-songs-iv-1958-2,8
salvador-dali_the-sun-of-dali,8
rembrandt_the-shipbuilder-and-his-wife-1633,6
ilya-repin_putting-a-propagandist-under-arrest-1-1879,4
sir-lawrence-alma-tadema_a-coign-of-vantage-1895,0
giovanni-battista-piranesi_portrait-of-small-strozzi,4
camille-corot_at-civita-castellana-wooded-rocks,1
peter-paul-rubens_adoration-of-the-shepherds,1
nicholas-roerich_fire-blossom-1924,2
artemisia-gentileschi_allegoria-dell-inclinazione-1615,1
patrick-heron_harbour-window-with-two-figures-st-ives-july-1950-1950,2
dorothy-lathrop_a-little-boy-lost-1920-9,2
winston-churchill_lake-near-breccles-in-autumn,3
eugene-boudin_antibes-the-rocks-of-the-islet,3
raphael-kirchner_apples-sweet-fruits-1900,0
edvard-munch_old-man-in-warnemunde-1907,2
salvador-dali_princess-arthchil-gourielli-helena-rubinstein,9
camille-pissarro_field-at-eragny-1885,5
gustave-moreau_woman-and-panther-salome-and-the-panther,3
kuzma-petrov-vodkin_female-head-1913,2
frans-hals_the-merry-drinker-1630,1
childe-hassam_still-life-fruits,3
theodor-severin-kittelsen_skomv-r-lighthouse-1891,9
mikalojus-ciurlionis_fortress-fortress-fairy-tale-1908,0
vasily-surikov_the-old-gardener-1882,6
rembrandt_belshazzar-s-feast-1635,1
johan-hendrik-weissenbruch_landscape-with-mills,3
henri-de-toulouse-lautrec_messalina-seated-1900,5
valentin-serov_portrait-of-anna-benois-1908,6
marcel-duchamp_with-my-tongue-in-my-cheek-1959,9
jacques-villon_little-girl-on-a-red-staircase-1900,0
john-singer-sargent_a-siesta-1907,5
egon-schiele_house-with-drying-laundry-1917,5
paul-cezanne_four-bathers-1880,2
yannoulis-chalepas_the-hunter-1933,4
johan-hendrik-weissenbruch_view-on-the-market-of-haarlem-sun,1
alphonse-mucha_regional-exhibition-in-ivancice-1912,0
panayiotis-tetsis_tables-xii-1988,8
giovanni-battista-piranesi_the-prisons-2,4
eugene-boudin_the-port-of-bordeaux-1876,3
vincent-van-gogh_workman-beside-a-mound-of-peat-and-a-peat-boat-with-two-figures-1883,4
giovanni-battista-piranesi_tomb-of-the-three-brothers-in-albano-curiatii,4
peter-paul-rubens_equestrian-portrait-of-the-duke-of-lerma-1603,1
marc-chagall_the-jacob-s-dream-2,9
nikolaos-lytras_landscape-of-athens,9
nicholas-roerich_himalayas-32,9
ferdinand-hodler_lake-thun-from-the-path-to-the-plate-schynigen-1908-1,9
rene-magritte_project-of-poster-the-center-of-textile-workers-in-belgium-1938,9
peter-paul-rubens_venus-und-adonis,4
odilon-redon_apparition,2
rene-magritte_the-magician-self-portrait-with-four-arms-1952,4
chronis-botsoglou_sex,8
david-teniers-the-younger_a-bleaching-ground,7
boris-kustodiev_children-of-the-artist-1913,2
ilya-repin_portrait-of-s-a-repina-1878,1
giovanni-battista-piranesi_view-of-the-waterfalls-at-tivoli,7
guy-rose_the-lavalier,4
paul-klee_garden-figure-1940,0
stefan-popescu_yawls-in-the-lagoon-1924,8
grace-cossington-smith_black-mountain-1931,0
nicholas-roerich_sign-1915,3
rembrandt_three-women-and-a-child-at-the-door,1
george-frederick-watts_orpheus-and-eurydice,1
odilon-redon_flowers-4,6
nicholas-roerich_putivl-eclipse-1914,0
pierre-narcisse-guerin_clytemnestra,4
theodore-rousseau_not_detected_198948,6
isaac-levitan_lake-spring-1898,5
vasile-kazar_illustration-for-catul-s-poems-1969,0
konstantinos-volanakis_1894,7
camille-corot_mademoiselle-de-foudras-1872,6
giovanni-battista-piranesi_modinature-frames,4
paul-gauguin_abandoned-garden-in-rouen,3
eugene-boudin_the-beach-at-trouville-1871,6
vincent-van-gogh_nude-woman-reclining-seen-from-the-back-1887,5
giovanni-battista-piranesi_the-roman-antiquities-t-3-plate-xix-grand-porphyry-urn-with-a-lid-found-in-the-mausoleum-of-s,4
edouard-manet_head-of-jean-baptiste-faure,6
rembrandt_christ-driving-the-moneychangers-from-the-temple-1635,1
jean-auguste-dominique-ingres_henriette-harvey-and-her-half-sister-elizabeth-norton-1,1
felicien-rops_lesbos-known-as-sappho,2
william-adolphe-bouguereau_the-veil-1898,9
edgar-degas_ballerinas-adjusting-their-dresses,3
mykola-pymonenko_fabric-trading-woman-1901,6
billy-childish_reunion-owl-2011,5
vincent-van-gogh_interior-with-peasant-woman-sitting-near-the-fireplace-1885-1,9
aubrey-beardsley_not_detected_245615,0
aleksey-antropov_portrait-of-general-in-chief-count-william-w-fermor,7
egon-schiele_standing-woman-in-red-1913,0
endre-balint_grotesque-funeral-1963,5
joshua-reynolds_st-john-the-baptist-in-the-wilderness,1
josefa-de-obidos_natureza-morta-doces-e-flores-1676,1
gustav-klimt_water-nymphs-silverfish,9
tia-peltz_the-little-bench,2
mikhail-vrubel_self-portrait-1885,6
artemisia-gentileschi_dame-assise-de-trois-quarts,1
fyodor-alekseyev_church-of-nikola-the-big-cross-on-ilyinka,4
william-merritt-chase_portrait-of-miss-frances,4
leonora-carrington_play-shadow-1977,9
edgar-degas_cafe-concert-at-les-ambassadeurs-1877,2
valentin-serov_portrait-of-vladimir-girshman-1911,6
jean-auguste-dominique-ingres_the-betrothal-of-raphael-and-the-niece-of-cardinal-bibbiena-1814,1
paul-bril_fantastic-mountain-landscape-1598,1
rembrandt_st-bartholomew-1657,6
francisco-de-zurbaran_the-temptation-of-st-jerome-1639,1
peter-paul-rubens_portrait-of-a-woman,1
aladar-korosfoi-kriesch_fair-1917,3
maurice-utrillo_st-vincent-street,3
max-kurzweil_the-fisherman,3
valentin-serov_portrait-of-henrietta-girshman-1907,1
edvard-munch_street-lafayette-1891,5
mikalojus-ciurlionis_faces-1905,9
william-turner_what-you-will-1822,6
peter-paul-rubens_ildefonso-altar,7
vasily-vereshchagin_dressing-station-1879,0
andre-derain_chinese-boxers,2
thomas-eakins_lincoln-and-grant-1894,8
martiros-saryan_portrait-of-anna-akhmatova,9
george-stubbs_diomed,7
william-holman-hunt_the-triumph-of-the-innocents-1876,1
anthony-van-dyck_portrait-of-the-painter-cornelis-de-wae,1
alphonse-mucha_medea-1898,0
stefan-luchian_lakeshore-grove-1898,5
francisco-de-zurbaran_the-immaculate-conception,1
paul-cezanne_nude-female-with-attendants-1880,9
ivan-bilibin_cake-city-1912,0
salvador-dali_moth-and-flame-candelstick,8
pierre-paul-prud-hon_female-nude-leaning,4
giovanni-battista-piranesi_the-roman-antiquities-t-1-plate-xxxvi-veduta-with-ruins-of-the-peristyle-house-of-nero-1756,4
boris-kustodiev_portrait-of-a-woman-a-v-rzhevuskaya-1909,4
heorhiy-narbut_cover-for-the-book-the-russian-red-cross-1867-1917-1917,0
heorhiy-narbut_illustration-to-volodymyr-narbut-s-poem-before-the-easter-1919,0
albert-anker_bildnis-des-jungen-de-bros-1898,4
konstantin-somov_in-the-forrest,5
esaias-van-de-velde_merry-company-banqueting-on-a-terrace,1
albert-marquet_the-village-of-vosges-1893,5
vincent-van-gogh_sower-1884,0
peter-paul-rubens_portrait-of-a-woman-probably-susanna-lunden,7
salvador-dali_landscape-1,6
johann-koler_the-portrait-of-nikolai-petrovitsch-semjonovs-daughter-1865,4
paul-gauguin_portrait-of-woman-against-the-cezanne-s-still-life-with-apples-1890,3
nicholas-roerich_smolensk-the-porch-of-the-convent-1903,8
odilon-redon_violette-haymann,9
sergey-solomko_caught,0
lynd-ward_not-detected-272534,2
pierre-auguste-renoir_head-of-a-young-woman,5
vincent-van-gogh_still-life-with-yellow-hat-1885,1
william-turner_the-slave-ship,9
john-singleton-copley_dorothy-quincy,4
gustave-dore_solomon-receives-the-queen-of-sheba,7
alfred-sisley_river-landscape-by-moret-sur-loing,3
rembrandt_a-scholar-seated-at-a-table-with-books-1634,1
alfred-sisley_the-loing-at-moret-1883,3
francisco-goya_bartholomew-suerda,7
william-leighton-leitch_radcliffe-camera-oxford,5
isaac-levitan_boatmen,6
gustav-klimt_landscape-garden-meadow-in-flower,5
odilon-redon_the-green-death,5
pyotr-konchalovsky_still-life-malwa-1921,5
ion-theodorescu-sion_scout-1917,2
john-hoppner_portrait-of-a-young-lady,4
lovis-corinth_self-portrait-in-a-tyrolean-hat-1913,2
peter-paul-rubens_achilles-and-the-daughters-of-lykomedes,1
john-singleton-copley_ebenezer-storer-1769,6
gustave-dore_christin-the-synagogue,7
vincent-van-gogh_landscape-at-sunset-1885,6
lucian-freud_head-of-a-boy,2
francesco-guardi_the-basin-of-saint-mark-s-square-with-san-giorgio-and-the-giudecca-c-1774-oil-on-canvas-1774,1
salvador-dali_study-for-sentimental-colloquy,0
lovis-corinth_portrait-of-the-poet-peter-hille-1902,6
jacob-isaakszoon-van-ruisdael_landscape-with-a-church-by-a-torrent-1670,7
giovanni-battista-piranesi_vedute-di-roma-21,4
william-turner_the-blue-rigi-lake-of-lucerne-sunrise,7
ivan-aivazovsky_the-shipwreck-1843,7
alfred-sisley_the-straw-rent-1895,3
joshua-reynolds_the-death-of-dido,1
vincent-van-gogh_self-portrait-with-dark-felt-hat-1886,6
pierre-auguste-renoir_bather-seated-on-a-rock-1892,3
aleksey-savrasov_trees-by-the-river-1861,6
jean-auguste-dominique-ingres_hygin-edmond-ludovic-auguste-cave,6
henri-de-toulouse-lautrec_combing,9
claude-monet_the-doges-palace,3
spyros-papaloukas_self-portrait-1941,2
harry-clarke_the-year-s-at-the-spring-1920-18,9
giovanni-battista-piranesi_prospectus-of-the-same-chair,4
leon-bakst_costume-design-for-the-ballet-narcisse-nymph-1911-1,2
ilya-mashkov_bakhchisaray-1925,5
george-stubbs_cattle-by-a-stream,7
joan-ponc_suite-instruments-de-tortura-1956-1,8
theodore-gericault_spanish-horse-in-a-stable,6
giovanni-battista-piranesi_holy-family-the-virgin-seated-on-the-ground-feeding-the-holy-child-standing,4
julius-leblanc-stewart_rio-della-maddalena-1908,3
andre-derain_still-life-on-the-table-1904,5
vincent-van-gogh_the-smoker-peasant-1888,5
gregoire-boonzaier_still-life-flowers,5
sergey-solomko_meeting,2
konstantin-somov_the-road-in-the-country,5
zinaida-serebriakova_portrait-of-boris-serebryakov-1908,2
guy-rose_laguna-rocks-low-tide-1916,3
edouard-vuillard_self-portrait-1,6
pierre-auguste-renoir_breton-landscape-1893,3
pablo-picasso_the-piano-velazquez-1957,8
karl-bodmer_mato-tope-a-mandan-chief-1833,3
nikolay-bogdanov-belsky_reading-a-book,5
edgar-degas_woman-washing-in-the-bath-1892,3
vincent-van-gogh_a-pair-of-shoes-1886,6
jean-leon-gerome_the-conspirators-presented-at-the-salon,9
nicholas-roerich_morning-star-1932,9
vasily-vereshchagin_the-ruins-of-the-chinese-shrine-ak-kent-1870,3
william-turner_calais-pier-with-french-poissards-preparing-for-sea-an-english-packeet-arriving,7
sir-lawrence-alma-tadema_after-the-audience-1879,3
ilya-mashkov_gurzuf-1925,5
ion-theodorescu-sion_la-malul-m-rii,5
lynd-ward_not-detected-272494,8
dante-gabriel-rossetti_aggie-1877,6
john-william-godward_contemplation-1922,6
salvador-dali_opposition,0
claude-monet_the-grand-canal,5
wassily-kandinsky_study-for-autumn-1909,2
wassily-kandinsky_crinolines-1909,2
gustave-courbet_female-nude-with-a-dog-portrait-of-leotine-renaude,4
albin-brunovsky_summer-image-ii-1979,4
yiannis-moralis_athens-landscape-1936,6
giovanni-battista-piranesi_view-of-main-facade-of-the-trajan-column-six-boards-together-4,4
vincent-van-gogh_cafe-terrace-on-the-place-du-forum-1888,5
fyodor-vasilyev_oaks,7
gustave-courbet_the-draughts-players-1844,9
vincent-van-gogh_still-life-vase-with-roses-1890,5
john-henry-twachtman_balcony-in-winter-1902,3
pablo-picasso_smoke-over-vallauris-1951,2
guido-reni_portrait-of-cardinal-roberto-ubaldini-1625,1
pierre-auguste-renoir_sleeping-nude-with-hat-repose,3
salvador-dali_fountain-of-milk-spreading-itself-uselessly-on-three-shoes,9
henri-de-toulouse-lautrec_a-saint-lazare-song-title-1887,2
sergey-solomko_age-of-the-great-peter,0
claude-monet_fruit-trees,5
mikhail-vrubel_duel-of-pechorin-and-grushnitsky-1891,6
eugene-delacroix_babylonian-captivity,2
joan-miro_bouquet-of-flowers-smile-of-my-blond,8
ivan-shishkin_oaks-1,6
jim-nutt_cotton-mouth-1968,2
maurice-prendergast_study-st-malo-no-11,3
harry-clarke_the-year-s-at-the-spring-1920-26,3
juan-de-valdes-leal_the-sacrifice-of-isaac-1659,1
antoine-pesne_geometrician,1
edouard-cortes_place-de-la-republique-clichi,5
edmund-dulac_the-pearl-of-the-fish-from-the-kingdom-of-the-pearl,0
giovanni-battista-piranesi_transverse-and-longitudinal-sections-of-the-temple-of-isis-and-adjacent-parts,4
theo-van-rysselberghe_vase-of-flowers-1923,5
giovanni-battista-piranesi_bacchante-dancing-with-castanets,4
vincent-van-gogh_landscape-with-a-farm-1883,6
remedios-varo_dead-leaves-1956,8
octav-angheluta_tomis-market-1975,5
gustave-loiseau_village-in-snow-1911,7
ossip-zadkine_dance,2
henri-michaux_face,9
conroy-maddox_enchantment-1941,2
winslow-homer_the-red-school-house,6
periklis-vyzantios_hunger,1
francisco-goya_trials-1799,4
charles-francois-daubigny_the-banks-of-the-oise-1859,6
arturo-souto_i-go-1934,2
ilya-repin_boris-godunov-with-ivan-the-terrible-1890,7
canaletto_grand-canal-from-santa-maria-della-carita-to-the-bacino-di-san-marco,1
salvador-dali_dali-combat,5
rembrandt_history-painting-1626,1
claude-monet_rouen-cathedral-in-the-fog,2
martiros-saryan_landscape-with-a-view-of-mount-ararat-1937,2
kuzma-petrov-vodkin_biribi-1907,9
john-singleton-copley_eleazer-tyng-1772,1
vincent-van-gogh_vincent-s-bedroom-in-arles-1888-1,0
jacob-jordaens_rape-of-europa-1615,1
giovanni-battista-piranesi_exterior-view-of-the-great-basilica-of-st-peter-in-the-vatican,4
mikalojus-ciurlionis_leo-1907,9
konstantinos-parthenis_landscape-1917,8
odilon-redon_head-of-orpheus-on-the-water-or-the-mystic-1880,9
wilhelm-leibl_portr-t-des-dr-med-friedrich-rauert-1877,6
gustave-dore_don-quixote-123,7
octavio-ocampo_calvary,9
giovanni-battista-piranesi_the-roman-antiquities-t-2-plate-l-inscriptions-de-praetorian-soldiers-found-in-the-villa-de,4
lajos-tihanyi_portrait-of-gr-sz-andor-1915,2
giovanni-battista-piranesi_fireplace-in-the-frieze-rython-to-two-horse-heads-hips-4-caryatids,4
victor-hugo_the-upper-rhine-1855,3
john-singleton-copley_portrait-of-mrs-paul-richard-1771,1
nicholas-roerich_gompa-1932,9
berthe-morisot_farm-in-normandy,6
vincent-van-gogh_head-of-a-peasant-woman-with-dark-cap-1885-2,9
pierre-alechinsky_untitled-from-the-portfolio-with-the-grain-of-the-wood-au-fil-du-bois-5-1973,2
fyodor-bronnikov_street-in-italy-1890,6
vasily-surikov_young-lady-with-violet-overcoat,0
zinaida-serebriakova_collioure-bridge-with-goats-1930,2
yannoulis-chalepas_resting-1931,7
henri-fantin-latour_immortality-1889,9
giovanni-battista-piranesi_six-sides-of-sedans-two-panels-two-tripods-two-tables-to-the-wall,8
giovanni-battista-piranesi_temple-of-castor-and-pollux,4
john-william-waterhouse_nymphs-finding-the-head-of-orpheus-1900,1
gustave-dore_jehu-s-companions-find-jezebel-s-remains,7
francisco-goya_because-she-was-susceptible-1799,7
oskar-kokoschka_adolf-loos-1909,6
esaias-van-de-velde_landscape-with-ruins,1
wilhelm-kotarbinski_silence,7
james-tissot_the-hammock,9
pierre-puvis-de-chavannes_daphnis-and-chloe,4
jean-david_fantastic-figures,2
alfred-sisley_footbridge-over-the-railroad-at-sevres,5
sergey-solomko_virgo-comforter,8
vasily-perov_etude-lying-to-the-boy-s-painting-the-court-pugachev,6
giovanni-battista-piranesi_the-deposition-by-daniele-da-volterra,4
raphael-kirchner_girls-faces-with-red-border-3,0
pavel-svinyin_steamboat-travel-on-the-hudson-river,7
mstislav-dobuzhinsky_a-month-in-the-country-1909,7
mikalojus-ciurlionis_creation-of-the-world-xiii-1906,9
toyen_two-friends-1932,2
nicholas-roerich_hidden-treasure-1947,8
pierre-alechinsky_gille-de-la-m-moire-ou-androgylle-de-binche-1970,0
lajos-gulacsy_magic-1907,1
rembrandt_adam-and-eve,1
frans-hals_portrait-of-an-unknown-man-1663,6
karl-bodmer_funeral-scaffold-of-a-sioux-chief-near-fort-pierre-plate-11-from-volume-2-of-travels-in-the-1844,7
gustave-moreau_pasiphae-and-the-bul-1880,9
theo-van-doesburg_old-faun-self-portrait-1909,8
giovanni-battista-piranesi_carceri-vii-1760,4
vladimir-dimitrov_unknown-title-29,9
james-tissot_caricature-of-george-cavendish-bentinck,2
spyros-papaloukas_church-detail-1923,3
serge-sudeikin_frontispiece-for-the-magazine-golden-fleece-1908,8
giovanni-battista-piranesi_two-fireplaces-overlapping-the-inf-with-medusa-heads-between-two-swans-with-the-support-heads,4
pyotr-konchalovsky_flowering-apple-branch-1935,6
auguste-rodin_eternal-idol-1889,1
ivan-aivazovsky_oreanda-1858,7
viktor-vasnetsov_christ-almighty-1896,5
camille-corot_souvenir-of-ville-d-avray-1872,6
alexey-bogolyubov_mosque-in-istanbul,7
josef-sima_crystal,2
ivan-bilibin_illustration-for-the-russian-fairy-story-feather-of-finist-falcon-4,0
dorothy-lathrop_mopsa-the-fairy-by-jean-ingelow-1920-5,4
pablo-picasso_the-room-of-the-ironer-1904,7
william-turner_snow-storm-hannibal-and-his-army-crossing-the-alps,9
pierre-paul-prud-hon_daphnis-and-chloe-1802,4
adriaen-brouwer_operation-on-foot,1
ilya-mashkov_georgia-kazbek-view-of-the-gorge-darial,5
konstantin-somov_landscape-in-the-evening-martyshkino,6
amedeo-modigliani_portrait-of-anna-zborowska-1917,2
angelica-kauffman_countess-anna-protassowa-with-niece-1788,4
nikolaos-lytras_portrait-of-painter-oumvertos-argyros-1903,7
paul-delvaux_the-awakening-of-the-forest-1939,2
ivan-kramskoy_portrait-of-the-artist-nikolai-dmitrievich-dmitriev-orenburg-1866,6
auguste-rodin_burghers-of-calais,0
ramon-oviedo_forma-semidefinida,6
henri-matisse_the-rumanian-blouse-1940,0
camille-corot_uphill-road-in-courbon,6
constantin-piliuta_dance-1978,8
eug-ne-grasset_la-belle-jardiniere-may-1896,5
james-mcneill-whistler_seascape-dieppe,6
man-ray_invention,8
zdislav-beksinski_untitled-381,2
ernst-ludwig-kirchner_dancer-and-audience-1917,5
camille-pissarro_place-saint-lazare-1893,3
george-frederick-watts_charles-booth,1
vincent-van-gogh_view-of-royal-road-ramsgate-1876,0
ivan-bilibin_andrew-shooter-and-strelchiha-1900,0
jean-arp_not_detected_242996,8
george-bouzianis_self-portrait-3,2
theodore-chasseriau_the-two-sisters-1843,4
giovanni-battista-piranesi_old-man-s-head-in-profile,1
nicholas-roerich_cross-on-the-truvor-mound-1903,8
camille-corot_the-bridge-at-grez-sur-loing,6
john-singer-sargent_two-women-asleep-in-a-punt-under-the-willows-1887,3
jean-baptiste-simeon-chardin_basket-of-plums,1
vincent-van-gogh_still-life-bowl-with-daisies-1888,5
peter-paul-rubens_the-four-evangelists,1
pierre-auguste-renoir_landscape-1910,3
mikhail-nesterov_crucifixion-1912,9
william-adolphe-bouguereau_the-nut-gatherers-1882,4
giovanni-battista-piranesi_view-of-main-facade-of-the-antonine-column-in-six-tables-2,4
koloman-moser_pine-forest-in-winter,6
william-blake_a-white-haired-man-in-a-long-pale-robe-who-flees-from-us-with-his-hands-raised-1794,1
richard-gerstl_selbstbildnis-vor-dem-ofen-winter-1906-7,5
jean-auguste-dominique-ingres_the-small-bather,4
theo-van-doesburg_self-portrait-1906,9
constantin-piliuta_yellow-flowers-2001,8
panayiotis-tetsis_still-life-5,5
alfred-sisley_not_detected_238362,3
vasily-vereshchagin_japanese-priest-1904,1
bartolome-esteban-murillo_portrait-of-a-child,4
albert-bierstadt_butterfly-1900,8
pierre-auguste-renoir_trees-by-the-water,3
egon-schiele_reclining-female-nude-1908,2
nicholas-roerich_rock-relief-of-buddha-1928,8
victor-brauner_portrait-1960,8
gustav-klimt_hope-i,9
pyotr-konchalovsky_forging-of-buffalo-1927-1,2
theodor-severin-kittelsen_gamle-hus-ved-sole,8
raphael-kirchner_behind-the-scenes-1900-1,0
pierre-auguste-renoir_children-on-the-beach-at-guernsey,3
ivan-shishkin_coniferous-forest-1873,6
jean-auguste-dominique-ingres_pisistratus-head-and-left-hand-of-alcibiades-1834,2
mikhail-vrubel_head-of-angel-1887,6
julian-alden-weir_silver-chalice-with-roses-1882,6
eugene-boudin_beach-scene-at-trouville-2,6
pierre-auguste-renoir_oarsmen-at-chatou-1879,3
peter-paul-rubens_the-stigmatization-of-st-francis,1
edgar-degas_eugene-manet-1874,3
nicholas-roerich_ostrovenka-suburbs-1903,3
rudolf-schweitzer-cumpana_peisaj-de-iarn,5
john-william-godward_pompeian-girl-1889,4
paula-modersohn-becker_three-children-with-goat-in-the-birch-forest,3
vincent-van-gogh_landscape-with-pollard-willows-1884,9
le-nain-brothers_family-of-milk-seller,7
gustave-loiseau_port-at-dieppe-1905,3
henri-matisse_still-life-3,5
ilya-repin_portrait-of-the-art-critic-vladimir-stasov-1900,6
nicholas-roerich_tristan-s-castle-in-bretagne-1912,5
odilon-redon_bazon-the-artist-s-cat-1905,2
pablo-picasso_bather-with-beach-ball-1932,8
francesco-hayez_family-portrait-1807,1
giovanni-battista-piranesi_moses-the-tablets-of-the-law,4
raphael-kirchner_bessie-mccoy,0
robert-julian-onderdonk_peach-orchard-on-mavericks-farm-1915,3
jean-auguste-dominique-ingres_portrait-of-jean-marie-joseph-ingres,8
edmund-dulac_the-arabian-nights-the-queen-of-the-ebony-isles,6
henri-martin_the-cirque,5
william-blake_illustration-to-dante-s-divine-comedy-1795,9
andre-derain_not-detected-256143,4
salvador-dali_madonna-in-particles,8
j-e-h-macdonald_cathedral-peak-lake-o-hara-1927,9
vincent-van-gogh_the-yellow-house-1888,3
rene-magritte_soir-d-orage-strange-perfume-by-mem,3
odilon-redon_christ-and-his-desciples,9
vincent-van-gogh_outskirts-of-paris-near-montmartre-1887,5
john-singer-sargent_sir-david-richmond-1,7
rembrandt_portrait-of-haesje-van-cleyburgh-1634,1
iosif-iser_the-mosque-from-turtucaia,3
m-c-escher_waterfall,4
edward-burne-jones_the-briar-wood-1890,1
pierre-auguste-renoir_portrait-of-monsieur-germain,6
raphael-kirchner_girl-scout-new-york-tribune-1916,0
odilon-redon_woman-with-flowers-1903,8
eugene-boudin_deauville-docked-boats,3
william-merritt-chase_lady-in-white-gown,3
toyen_horror-1937,8
henri-de-toulouse-lautrec_portrait-of-misia-natanson,4
ivan-rutkovych_icon-three-angels-1699,0
edgar-degas_racehorses-1884,3
canaletto_river-landscape-with-a-column,6
james-tissot_caricature-of-thomas-egerton-2nd-earl-of-wilton,6
isaac-levitan_the-last-rays-of-the-sun-1899,3
childe-hassam_flower-girl,6
vasily-vereshchagin_the-rider-in-jaipur,4
nicholas-roerich_landscape-with-dragon,2
chronis-botsoglou_helen,8
vasily-polenov_portrait-of-the-artist-ilya-repin-1879,1
mstislav-dobuzhinsky_new-york-rooftops-my-windows-in-new-york-1943,6
ivan-bilibin_costume-design-for-the-opera-the-golden-cockerel-by-nikolai-rimsky-korsakov-1909-1,0
nicholas-roerich_the-gates-of-tmutarakan-1919,8
frederick-sommer_lee-nevin-1963,8
salvador-dali_geological-evolution-1933,8
sergey-solomko_flirting-boyar,0
diego-velazquez_isabella-of-bourbon,1
pierre-bonnard_picking-cherries-1946,5
vasily-vereshchagin_turkmens-representing-war-trophies-to-khiva-khan-1868,7
rene-magritte_the-nightingale-1962,9
eugene-boudin_spray-of-flowers-hollyhocks-1858,6
nicholas-roerich_part-of-izvara-lake-1893,6
ivan-shishkin_covert-1894,6
lovis-corinth_self-portrait-in-the-studio-1914,2
suzanne-valadon_portrait-of-monsieur-mori-1922,2
jean-auguste-dominique-ingres_half-figure-of-a-bather,4
pablo-picasso_woman-reading-olga-1920-1,4
claude-monet_waterloo-bridge-effect-of-fog-1903,9
mordecai-ardon_feuille-avec-croix-1971,8
giovanni-battista-piranesi_diana-bating,4
vasily-vereshchagin_in-the-alatau-mountains-1870,3
artemisia-gentileschi_clio-the-muse-of-history-1632,4
ernst-ludwig-kirchner_women-and-sculptures-on-the-beach,9
lynd-ward_not-detected-272467,8
pablo-picasso_woman-with-brooch-1944,2
john-everett-millais_the-royalist,7
frans-hals_portrait-of-an-unknown-man,1
rembrandt_agatha-bas-1641,1
franz-xaver-winterhalter_isabel-ii-of-united-kingdom,0
john-singer-sargent_violet-1886,1
franz-stuck_battle-for-a-woman-1905,9
gustave-dore_for-the-defense-of-christ,7
pyotr-konchalovsky_portrait-of-a-lady-drawing-for-the-portrait-of-of-anna-emilevna-goncz-1918,2
alexandre-benois_blackamoor-s-chamber-fragment-set-design,5
benjamin-west_the-immortality-of-nelson-1807,1
rembrandt_portrait-of-a-man-in-the-hat-decorated-with-pearls,1
max-beckmann_rugby-players-1929,1
pablo-picasso_the-picador-1890,0
lucian-freud_the-painter-s-brother-stephen-1986,2
giovanni-battista-piranesi_overview-of-the-capitoline-lapides,4
paul-cezanne_house-in-provence-1867,3
jean-francois-millet_leconte-de-lisle-1840-1,4
joaqu-n-sorolla_preparing-raisins-1900,3
paul-klee_refuge-1930,9
arkhip-kuindzhi_wild-grass-1875,3
maurice-prendergast_playing-at-salem-massachusetts,2
konstantin-makovsky_portrait-9,1
jose-gutierrez-solana_two-women,7
henri-de-toulouse-lautrec_the-violinist-dancia-1900,2
pablo-picasso_claude-and-paloma-playing-1950,8
aleksandra-ekster_costume-design-for-the-bacchae-from-drame-famira-kifared,8
thomas-eakins_portrait-of-amelia-van-buren,1
efim-volkov_the-party-in-the-summer-garden,1
max-pechstein_farmhouses-in-the-morning-1927,5
vincent-van-gogh_harvest-landscape-1888-1,5
zinaida-serebriakova_girl-with-a-doll-1921,3
franz-xaver-winterhalter_leopold-duke-of-brabant,1
martiros-saryan_street-of-the-eastern-town-1909,2
giovanni-battista-piranesi_profile-section-of-the-monument,4
claude-monet_waterloo-bridge-sunlight-effect-1,3
nikolay-bogdanov-belsky_children-in-winter,6
tom-thomson_lightning-canoe-lake-1915,9
edgar-degas_girl-in-red-1876,0
salvador-dali_madonna,2
martiros-saryan_village-ashnak-1957,2
arthur-dove_lake-afternoon-1935,8
andrei-ryabushkin_portrait-of-i-f-tyumenev-1886,4
anthony-van-dyck_wife-of-an-aristocratic-genoese-1626,1
le-pho_woman-in-a-garden,5
henri-fantin-latour_small-brunette-bather-1884,9
alexandre-benois_hermann-at-the-entrance-to-the-countess,7
albert-bloch_lied-i-1914,2
raphael-kirchner_portraits-of-viennese-ladies-1901-4,0
giovanni-battista-piranesi_vedute-di-roma-32,4
camille-pissarro_the-brook-at-osny-1883,3
giovanni-battista-piranesi_three-chandeliers-made-from-ancient-bas-reliefs-of-which-two,4
isaac-levitan_autumn-1889,6
philip-de-laszlo_edwina-mountbatten-countess-mountbatten-of-burma-1924,4
serge-sudeikin_costume-studies-with-mythological-figures-for-ballet-dionysus-by-glazunov-in-mordkin-theatre-1938-2,2
hendrick-cornelisz-vroom_ships-trading-in-the-east-1614,7
anthony-van-dyck_sheet-of-studies-1635,0
alonzo-cano_immaculate-conception,6
gustave-dore_the-beseech-that-moses-might-report-to-them-his-will-and-terror-cease,7
vincent-van-gogh_portrait-of-armand-roulin-1888,6
giovanni-battista-piranesi_the-temple-of-isis-de-face-with-the-two-wings-of-his-peristillo,4
salvador-dali_unsatisfied-desires-1928,7
marc-chagall_song-of-songs-ii-1957-4,2
maurice-prendergast_the-cove-1,5
jules-perahim_self-portrait-with-one-red-ear,2
pablo-picasso_the-mass-grave,8
william-blake_illustration-to-book-of-job-1,2
claude-monet_the-japanese-bridge-7-1924,3
nicholas-roerich_rohtang-pass-1936,9
john-william-godward_golden-hours-1913,4
ivan-bilibin_cave-finn-opera-ruslan-and-lyudmila-1900,6
candido-portinari_o-vendedor-de-passarinhos,0
giovanni-battista-piranesi_the-sawhorse,4
ferdinand-hodler_self-portrait-1916-1,5
caspar-david-friedrich_view-from-the-small-warmbrunn-sturmhaube,7
amedeo-modigliani_oscar-miestchaninoff-1917,2
dimitris-mytaras_untitled-1995,2
pablo-picasso_seated-woman-with-spelling-book-1941,8
jacques-louis-david_homer-reciting-his-verses-to-the-greeks-1794,1
claude-monet_fields-of-flowers-and-windmills-near-leiden,3
john-william-waterhouse_a-naiad,6
william-merritt-chase_portrait-of-william-charles-le-gendre,2
gustave-dore_cain-and-abel-offering-their-sacrifices,7
george-frederick-watts_denunciation-of-adam-and-eve,1
ivan-bilibin_illustration-for-the-fairy-tale-vasilisa-the-beautiful-1900-3,9
boris-kustodiev_february-27-1917,5
cornelis-de-vos_diogenes-searches-for-a-man,1
lynd-ward_not-detected-272483,2
adriaen-van-de-velde_the-martelaarsgracht-in-amsterdam,1
henri-de-toulouse-lautrec_two-knights-in-armor,3
edgar-degas_therese-de-gas-sister-of-the-artist-later-madame-edmond-morbilli,0
odilon-redon_spring,8
raphael-kirchner_aquatinte-1910,2
william-blake_illustration-to-milton-s-paradise-lost-1807,2
bartolome-esteban-murillo_the-prodigal-son-receives-his-rightful-inheritance,1
vangel-naumovski_rascetane-vatre-1969,8
guy-rose_spring,3
mary-cassatt_bust-of-ellen-with-bows-in-her-hair,3
pierre-bonnard_still-life-with-lemons,3
claude-monet_waterloo-bridge-at-sunset-pink-effect,3
john-henry-twachtman_the-white-bridge,5
maxfield-parrish_study-for-autumn-brook-1948,5
dante-gabriel-rossetti_elizabeth-siddal-1854,6
gian-lorenzo-bernini_saint-andrew-and-saint-thomas,1
constantin-piliuta_the-backgammon-players,8
maxime-maufra_near-the-mill-1897,3
peter-paul-rubens_the-holy-family-with-st-elizabeth-and-the-infant-st-john-the-baptist,4
octav-angheluta_tata,3
maurice-prendergast_east-river-park-1901,5
maurice-denis_wedding-procession,0
nicholas-roerich_taklamakan-chinese-turkestan,9
salvador-dali_the-isle-of-the-dead-centre-section,9
peter-paul-rubens_adoration-of-the-shepherds-2,1
sebastien-bourdon_bacchus-and-ceres-with-nymphs-and-satyrs-1640,1
mikalojus-ciurlionis_creation-of-the-world-xi-1906,9
pablo-picasso_tricorne-study-1919,5
roberto-aizenberg_figures-on-landscape-1953,5
james-tissot_caricature-of-frederic-leighton,6
ernst-ludwig-kirchner_head-of-the-painter-self-portrait,8
william-blake_illustration-to-milton-s-comus-1820-2,8
konstantin-bogaevsky_romantic-landscape-crimean-landscape-1942,5
vasily-tropinin_tropinin-anna-ivanovna-1810,7
claude-monet_the-coast-at-sainte-adresse,3
alphonse-mucha_portrait-of-jiri-1925,2
rene-magritte_a-stroke-of-luck-1948,9
pierre-bonnard_street-in-eragny-sur-oise-or-dogs-in-eragny-1893,6
pierre-puvis-de-chavannes_the-rest,3
jozsef-rippl-ronai_christmas-1910,8
david-wilkie_sir-robert-liston-diplomat-1811,6
canaletto_st-mark-s-basin-1738,1
claude-monet_water-lilies-16,3
odilon-redon_a-funeral-mask-tolls-bell-1882,8
vincent-van-gogh_silhouette-of-a-peasant-woman-digging-carrots,9
lucian-freud_girl-with-fair-hair,5
nicholas-roerich_himalayas-50,9
vincent-van-gogh_the-drinkers-after-daumier-1890,0
constantin-brancusi_the-kiss-1910,8
william-adolphe-bouguereau_soup-1865,1
raphael-kirchner_on-holiday-2,2
gerrit-dou_the-night-school-1665,1
victor-borisov-musatov_self-portrait,7
dorothy-lathrop_a-little-boy-lost-1920-12,0
mikalojus-ciurlionis_silense-1907,9
isaac-levitan_early-spring-botanical-garden-1900,3
vincent-van-gogh_orphan-man-with-cap-seen-from-the-back-1882,6
aladar-korosfoi-kriesch_cassandra-1908,0
dante-gabriel-rossetti_alexa-wilding-1877,1
endre-balint_dream-in-the-people-s-park-1960,8
max-ernst_feast-of-the-god-1948,2
david-alfaro-siqueiros_christ-1965,2
rembrandt_bearded-man-with-a-beret-1655,1
nicholas-roerich_trans-himalayas-view-from-saga-dzong-1928,9
paul-klee_after-annealing-1940,0
gerrit-dou_old-woman-unreeling-threads-1665,1
pyotr-konchalovsky_festivities-zagorsk,6
henri-de-toulouse-lautrec_crouching-woman-with-red-hair-1897,3
frans-hals_singing-boy-with-a-flute-1623,1
felix-vallotton_portrait-of-belgian-poet-mile-verhaeren-1896,0
nicholas-roerich_the-saints-have-gone-leave-gleb-as-keeper-1920,0
ivan-aivazovsky_the-tempest-1851,7
francis-picabia_meliboeus,0
henri-matisse_figure-at-the-rideau-releve,0
ilya-repin_the-model,6
peter-paul-rubens_thomas-howard-second-count-of-arundel,7
claude-monet_etretat-the-needle-rock-and-porte-d-aval,9
willem-kalf_still-life-with-silver-bowl-glasses-and-fruit-1658,1
vasily-vereshchagin_bukhara-soldiers-sarbaz-1873,0
camille-pissarro_square-du-vert-galant-sunny-morning-1902,9
walter-battiss_the-drought-breaks-the-people-of-zookfontein-1979,2
giovanni-battista-piranesi_the-roman-antiquities-t-4-plate-xxxv-great-vista-of-some-of-the-doric-order-of-the-second,4
edouard-vuillard_silver-trees,3
giovanni-battista-piranesi_fireplace-egyptian-style-three-seated-figures-on-each-side,4
giovanni-battista-piranesi_view-of-the-arch-of-benevento-in-the-kingdom-of-naples,4
nicholas-roerich_pir-panjal-1925-1,9
nicolae-grigorescu_case-la-vitre,3
frans-hals_portrait-of-an-unknown-woman,1
claude-monet_vetheuil,3
william-merritt-chase_portrait-of-a-woman-the-white-dress-1890,4
sabin-balasa_the-winged-lover,4
ivan-aivazovsky_the-mary-caught-in-a-storm-1892,9
claude-monet_waterloo-bridge-hazy-sunshine-1903,9
giovanni-battista-piranesi_cutaway-theater-along-gl-inputs-of-more-of-the-same-orchestra-for-crosswise-stability-of-the,4
frantisek-kupka_lipstick-1908,3
gustave-caillebotte_garten-in-trouville,3
peter-paul-rubens_st-george-with-st-maurus-and-papianus,1
ivan-bilibin_illustration-for-the-magazine-bogey-1905,0
giovanni-battista-piranesi_door-hardware-found-in-pompeii,4
michel-simonidy_allegorical-landscape,3
paul-klee_fruits-on-red-1930,2
egon-schiele_landscape-at-krumau-1916,5
odilon-redon_swamp-flower-1884,9
wilhelm-kotarbinski_st-philip-metropolitan-of-moscow,6
thomas-eakins_portrait-of-alfred-bryan-wall,4
vladimir-borovikovsky_portrait-of-koshelev,6
david-burliuk_flowers-near-the-sea-1949,5
jacob-jordaens_suffer-the-little-children-1655,1
rembrandt_self-portrait-wearing-a-soft-cap-full-face-head-only-1634,1
rembrandt_apostle-paul-1635,1
ivan-bilibin_illustration-for-george-kennan-s-book-siberia-and-the-exile-1906,0
caravaggio_supper-at-emmaus-1606,1
antoine-blanchard_the-pantheon-1,5
isaac-levitan_mediterranean-seacoast-1890,3
adriaen-van-ostade_interior-of-a-tavern,1
vasily-tropinin_portrait-of-a-p-i-sapozhnikova-1826,6
balthus_bust-of-the-young-girl,1
james-mcneill-whistler_the-guidecca-winter-grey-and-blue,3
gustav-klimt_idylle-idylls-1884,1
rene-magritte_a-storm-1932,8
claude-monet_windmill-at-zaandam-1,6
joan-miro_bottle-of-vine,8
karl-bodmer_fort-clark-on-the-missouri-february-1834-plate-15-from-volume-2-of-travels-in-the-interior-of-1843,3
eug-ne-grasset_suzy-deguez,0
odilon-redon_woman-in-profile-under-a-gothic-arch-1,8
sidney-nolan_women-and-billabong-1957,9
kuzma-petrov-vodkin_portrait-of-the-artist-s-daughter-1935,2
george-bouzianis_portrait-7,2
alphonse-mucha_study-of-a-woman-sitting-in-an-armchair,9
childe-hassam_winter-in-union-square,3
hedda-sterne_reclining-nude-1938,7
sir-lawrence-alma-tadema_preparation-in-the-coliseum-1912,0
j-e-h-macdonald_valley-and-stream-oesa-trail-lake-o-hara-1930,9
giovanni-battista-piranesi_ariadne,7
frans-snyders_head-of-medusa,1
paul-bril_ruins-and-figures-1600,1
nicholas-roerich_lake-ladoga-1919,9
boris-kustodiev_shrovetide-1916-1,5
sergey-solomko_age-of-blessed-memory-of-the-12th-year,0
maurice-denis_the-road-to-calvary,8
giovanni-paolo-panini_interior-of-st-peter-s-rome-1755,0
rene-magritte_the-battle-of-the-argonne-1959,9
vasily-surikov_annunciation-1914,9
miklos-barabas_flirtation-1841,4
nicholas-roerich_procopius-the-righteous-is-praying-of-unknown-navigating-1914,0
mary-cassatt_the-chrochet-lesson-1913,3
cuno-amiet_selbstbildnis-vor-garten-1921,5
giovanni-battista-piranesi_ruins-of-an-ancient-tomb-placed-before-other-ruins-of-an-aqueduct,7
benjamin-west_the-damsel-and-orlando-1793,1
felix-vallotton_portrait-of-french-poet-gustave-kahn-1896,0
mstislav-dobuzhinsky_the-chapel-of-our-lady-of-the-gate-of-dawn,0
jean-auguste-dominique-ingres_the-virgin-of-the-blue-veil,4
peter-paul-rubens_the-three-caryatids,5
theodore-rousseau_not_detected_198938,9
oskar-kokoschka_not_detected_235935,2
ivan-nikitin_tzarina-natalia-alekseevna-1,4
rembrandt_the-goldweigher-s-field-1651,6
john-william-godward_phyleis-1908,4
giovanni-battista-piranesi_cinerary-vase-you-see-over-the-front-door-of-the-palace-of-the-villa-panphili,4
franklin-carmichael_island-georgian-bay,9
zdislav-beksinski_untitled-330,5
bernardo-strozzi_the-cook-1620,1
boris-kustodiev_portrait-of-p-a-vlasov-1903,2
nicholas-roerich_idols-pagan-rus-1910,0
rene-magritte_the-harvest-1943,5
jean-arp_configuration,8
rene-magritte_the-return-1940,9
anthony-van-dyck_saint-john-the-baptist-in-the-wilderness,1
alfred-sisley_road-from-hampton-court-1874,3
giovanni-battista-piranesi_the-roman-antiquities-t-3-plate-ii-following-the-above-table,4
gustave-dore_cinderella-1,1
john-everett-millais_the-ransom,1
dante-gabriel-rossetti_portrait-of-jane-morris,7
paula-modersohn-becker_portrait-of-an-old-woman,2
nicholas-roerich_internal-painting-of-the-church-in-talashkino-1914,9
koloman-moser_fabric-design-with-moving-waves-for-backhausen-1902,0
john-singleton-copley_ann-tyng-1756,4
viktor-vasnetsov_a-knight-at-the-crossroads-1878,2
anna-ostroumova-lebedeva_fiesole-italy-1904,3
felix-vallotton_the-matterhorn-matterhorn-1892,0
nicholas-roerich_room-of-queen-anna-1913,0
adolphe-joseph-thomas-monticelli_bouquet-of-flowers,3
nicholas-roerich_town-monastery-on-hills,9
john-roddam-spencer-stanhope_the-waters-of-lethe-by-the-plains-of-elysium-1880,1
jules-perahim_l-alphabet,8
anders-zorn_cabin-1917,1
felix-vallotton_gossip-1902,1
peter-paul-rubens_the-abbot-of-st-michael-s,3
lynd-ward_not-detected-272486,8
nicholas-roerich_monhigan-study-1922-27,9
ivan-aivazovsky_view-of-sudak-bay-1879,7
richard-diebenkorn_woman-outside,2
nikolaos-lytras_portrait-of-the-painter-gerassimos-dialismas,6
jean-auguste-dominique-ingres_study-of-hands-and-feet-for-the-golden-age,9
mary-cassatt_woman-and-child-in-front-of-a-shelf-which-are-placed-a-jug-and-basin-1889,3
vincent-van-gogh_bridge-near-the-schenkweg,6
william-turner_two-figures-on-a-beach-with-a-boat-1845,3
berthe-morisot_portrait-of-paule-gobillard,3
konstantin-makovsky_still-life-palace-of-facets,5
george-bouzianis_still-life-1927-28,3
rembrandt_the-little-polander-1631,0
berthe-morisot_two-nymphs-embracing,0
vincent-van-gogh_several-figures-on-a-road-with-trees-1890,5
giovanni-battista-piranesi_vedute-di-roma-81,4
carlos-saenz-de-tejada_illustration-for-the-living-forest-1957,9
camille-pissarro_houses-of-l-hermitage-pontoise-1879,3
koloman-moser_cyclamen-1907,0
henri-fantin-latour_roses-1885-2,5
boris-kustodiev_portrait-of-maximilian-voloshin-1924,0
john-everett-millais_beauty,7
ivan-shishkin_evening-1892,6
edgar-degas_ballet-scene-3,5
jean-auguste-dominique-ingres_self-portrait-at-the-age-of-24,7
martiros-saryan_picking-cotton-in-the-ararat-valley-1949,5
raphael-kirchner_girls-with-good-luck-charms-9,0
pierre-auguste-renoir_mediteranean-landscape,3
toyen_susanne-with-the-shell,0
paul-gauguin_village-in-the-snow-1894,2
gustav-klimt_philosophy-final-state-1907,1
sorin-dumitrescu_unknown-title-3,0
max-ernst_illustration-to-a-week-of-kindness-1934-147,8
mikhail-nesterov_archbishop-portrait-of-antoniy-volynskiy-1917,2
antoine-blanchard_porte-st-denis-4,5
diego-velazquez_portrait-of-the-infanta-margarita-1660,1
isaac-levitan_a-creek-1899,3
leon-bonnat_idylle-1890,4
edward-burne-jones_st-george-and-the-dragon-1868,0
theodore-rousseau_cows-in-the-mare-1855,3
pierre-auguste-renoir_the-old-port-of-marseille-people-and-boats-1890,3
max-ernst_gypsy-rose-lee-1943,5
vasily-sadovnikov_view-of-the-winter-palace-from-the-west-1840,1
georges-braque_interior-with-palette-1942,8
zinaida-serebriakova_india-1916,7
karl-bodmer_the-travellers-meeting-with-minatarre-indians-near-fort-clark-plate-26-from-volume-1-of-travels-1843,6
frits-thaulow_the-priest,5
saul-steinberg_nuits-de-la-fondation-maeght-1970,0
paul-klee_rope-dancer-1923,4
adolf-hitler_ruins-with-arches,4
nicholas-roerich_untitled-1,9
claude-monet_burgo-marina-at-bordighera,3
claude-monet_cliffs-near-pourville,9
maurice-prendergast_spring-promenade,5
yves-tanguy_wind-1927,8
john-everett-millais_portia,1
charles-demuth_plums-1925,2
yiannis-tsaroychis_sailor-1938,6
joseph-wright_landscape-with-dale-abbey,7
vincent-van-gogh_vase-with-gladioli-and-lilac-1886,6
georges-seurat_the-mower-1882-1,6
konstantin-korovin_white-night-in-northern-norway,2
childe-hassam_in-the-park,3
alphonse-mucha_prophetess-1896,9
michel-simonidy_affiche-la-bourboule,0
vasily-polenov_was-filled-with-wisdom-1,9
thomas-eakins_baseball-players-practicing-1875,5
ernst-ludwig-kirchner_two-women-with-sink,2
paul-cezanne_promenade-1871,3
sergey-solomko_question,0
rene-magritte_georgette-1937,8
pyotr-konchalovsky_mother-and-child-1928,3
david-burliuk_homage-to-the-artist-s-wife-marusia-1945,5
martiros-saryan_eastern-interior-1918,0
pierre-auguste-renoir_orange-trees,3
istvan-ilosvai-varga_self-portrait-1933,5
konstantin-somov_green-slope-on-the-road-martyshkino,6
nicholas-roerich_armchair-1904,8
jan-matejko_mieszko,4
jacob-jordaens_the-virgin-and-child-in-the-company-of-little-st-john-and-his-parents-1617,1
henri-matisse_bouquet-of-mixed-flowers-1917,6
nicholas-roerich_a-hill-1939,9
pierre-narcisse-guerin_henri-de-la-rochejaquelein-1772-94-leader-of-the-revolt-in-the-vendee-1817,4
leon-bakst_scheherazade-the-chief-eunuch-1910,0
vincent-van-gogh_woman-near-a-window-twice-man-with-winnow-sower-and-woman-with-broom,6
johan-hendrik-weissenbruch_autumn-evening,9
m-c-escher_farmhouse-ravello,4
george-catlin_h-ra-t-a-a-brave-fort-union-crow-apsaalooke-1832,0
giovanni-battista-piranesi_antique-vase-of-marble-in-the-villa-valenti-at-porta-pia,4
henri-matisse_the-pink-studio-1911,2
rembrandt_self-portrait-1633,7
pablo-picasso_woman-in-armchair-1960,2
joaqu-n-sorolla_on-the-beach-at-valencia-1916,0
raphael-kirchner_the-players-pastel-on-paper,9
gabriel-metsu_the-feast-of-the-bean-king-1655,1
nicholas-roerich_putivl-1920,8
arnold-b-cklin_unicorn-1885,1
marc-chagall_great-circus-1984,2
thomas-eakins_maybelle-1898,7
maurice-prendergast_rocky-cove-with-village,3
giovanni-battista-piranesi_vedute-di-roma-103,4
le-nain-brothers_the-grace,1
nikolai-ge_portrait-of-tatyana-tolstaya-leo-tolstoy-s-daughter,1
vasily-surikov_view-of-kremlin-1913,3
nicholas-roerich_walls-of-kremlin-in-novgorod-1903,9
salvador-dali_iosias-sepultus-in-mausoleum-patrum-2-chronicles-35-24-1967,9
ilya-repin_barge-haulers-on-the-volga-2-1870,5
henri-de-toulouse-lautrec_babylon-german-by-victor-joze,0
giovanni-battista-piranesi_amphitheater-of-pula-in-istria-near-the-sea,4
odilon-redon_centaurs,9
lucian-grigorescu_vedere-c-tre-biserica-sf-spiridon-1940,5
martiros-saryan_landscape-with-mountains-1929,5
constantin-piliuta_wind-street,8
heorhiy-narbut_cover-of-volodymyr-narbut-s-book-hallelujah-1919,0
gustave-loiseau_cliffs-by-the-sea,3
giovanni-battista-piranesi_view-of-the-palazzo-odescalchi,4
marc-chagall_composition-with-circles-and-goat-1920,8
claude-monet_portrait-of-jeanne-serveau,3
koloman-moser_self-portrait,2
carlos-merida_la-nativit-1974,8
raphael-kirchner_deadly-sins-2,0
ford-madox-brown_the-proclamation-regarding-weights-and-measures-1556-illustration-from-hutchinson-s-story-of,3
edgar-degas_ballet-rehearsal-1891,3
giovanni-battista-piranesi_view-of-the-villa-albani-alessandro-e-m-mr-card-outside-the-porta-salaria,4
giovanni-battista-piranesi_mausoleum-of-santa-elena,4
alexander-ivanov_olive-trees-by-the-cemetery-in-albano-new-moon-1824,3
pierre-auguste-renoir_seated-woman-in-a-blue-dress-1915,3
bertalan-por_woman-with-a-hat-1905,1
berthe-morisot_landscape-of-creuse,3
isaac-levitan_white-lilac-1895,6
giovanni-battista-piranesi_the-madonna-and-child,4
joan-ponc_suite-instruments-de-tortura-1956-3,8
frank-auerbach_rimbaud,0
vajda-lajos_still-life-on-a-table-of-horseshoe-form-1934,8
alfred-kubin_death-jump-1902,8
george-frederick-watts_dorothy-tennant-later-lady-stanley,6
nicholas-roerich_brahmaputra-1945,9
johan-hendrik-weissenbruch_farm-on-polder-canal,6
albert-bloch_the-blue-bough-1952,9
zdislav-beksinski_untitled-675,8
rafael-zabaleta_portrait-of-seated-brunette-1948,2
vincent-van-gogh_wheat-field-with-cypresses-at-the-haude-galline-near-eygalieres-1889,1
ivan-bilibin_illustration-for-the-historical-revolutionary-almanac-of-publisher-rosehip-1906,0
odilon-redon_bouquet-of-flowers-in-a-blue-vase-1,2
jacob-van-strij_italian-landscape-and-ruin-merwede,4
paul-cezanne_bathers-1,5
amrita-sher-gil_bride-s-toilet-1937,1
august-macke_girl-in-the-greenery,2
sergey-solomko_tough-response,0
vincent-van-gogh_the-fields-1890,5
sergey-solomko_bookplate-of-v-i-klochkov-3,0
david-burliuk_still-life-with-industry-1932,5
arnold-b-cklin_portrait-of-alexander-michelis-1846,4
ion-pacea_lalele,2
william-blake_the-sun-at-his-eastern-gate-1820,3
eugene-boudin_the-port-of-deauville,3
giovanni-boldini_self-portrait-while-looking-at-a-painting-1865,6
thomas-cole_landscape-american-lake-in-summer,7
rembrandt_nativity-1654,1
henri-de-toulouse-lautrec_miss-may-belfort-welcoming-1895,0
peter-paul-rubens_the-assumption-of-mary-1622,1
rembrandt_a-village-with-a-river-1645,1
adriaen-van-ostade_the-cottage-dooryard,1
giovanni-battista-piranesi_side-view-of-the-temple-of-juno,4
thomas-eakins_drifting-1875,6
heorhiy-narbut_galicia-governorate-coat-of-arms-1914,2
maurice-prendergast_in-central-park-new-york,5
cornelis-vreedenburgh_sluice-of-woerdense-verlaat,5
zdislav-beksinski_untitled-322,8
zdislav-beksinski_untitled-343,8
rembrandt_portrait-of-jacob-trip-1661,1
victor-borisov-musatov_daphnis-and-chloe-1901,0
koloman-moser_standing-youth,0
harry-clarke_the-year-s-at-the-spring-1920-42,9
salvador-dali_study-of-a-male-nude-saint-sebastian,2
max-ernst_illustration-to-a-week-of-kindness-1934-172,8
nicholas-roerich_monhigan-study-1922-30,9
gustave-dore_the-inferno-canto-19,7
jules-perahim_family-misunderstanding-1969,8
jacek-malczewski_at-the-stage-siberians-1890,1
max-pechstein_springtime-1919,5
gustave-courbet_la-bretonnerie-in-the-department-of-indre-1856,6
john-singer-sargent_group-with-parasols,7
robert-julian-onderdonk_bluebonnet-scene-with-a-girl-1920,3
chaim-soutine_portrait-of-a-woman,3
gustave-caillebotte_traffic-island-on-boulevard-haussmann,9
jacek-yerka_spiritual-hour,8
fyodor-alekseyev_view-of-the-kremlin-from-the-troitsky-gate,1
koloman-moser_design-for-the-anniversary-stamp-with-austrian-emperor-franz-joseph-1908-1,0
pablo-picasso_family-of-acrobats-study-1905,5
rembrandt_seated-old-man-possibly-rembrandt-s-father,2
egon-schiele_trees-mirrored-in-a-pond-1907,3
paul-gauguin_portrait-of-madelaine-bernard-1888,5
leonora-carrington_operation-wednesday-1969,0
odilon-redon_decorative-panel-1,9
david-burliuk_flowers-in-vase,5
rembrandt_self-portrait-in-a-plumed-hat-1629,7
ernst-ludwig-kirchner_street-berlin,2
rembrandt_jesus-disputing-with-the-doctors-1630,1
camille-pissarro_the-versailles-road-at-louveciennes-1869,3
john-hoppner_the-honorable-lucy-elizabeth-byng-1799,4
ferdinand-hodler_lake-geneva-with-mont-blanc-at-dawn-1918-2,3
maurice-prendergast_boston-also-known-as-park-st-boston,5
adriaen-van-ostade_interior-of-an-inn,1
james-tissot_abraham-guarding-his-sacrifice,9
eugene-boudin_le-havre-barre-basin-1887,3
francisco-goya_the-milkmaid-of-bordeaux-1827,7
gustave-loiseau_port-of-dieppe-1,3
max-kurzweil_despair,9
vincent-van-gogh_peasant-with-sickle-seen-from-the-back-1885-5,6
odilon-redon_profile-in-an-arch-1905,9
pierre-auguste-renoir_the-palm-tree-1902,3
jean-auguste-dominique-ingres_study-for-the-centurion-of-the-martyrdom-of-saint-symphorien-1834,7
georges-braque_woman-at-the-mirror-1945,8
joshua-reynolds_self-portrait-3,1
camille-corot_alexina-ledoux,0
ivan-shishkin_fir-forest-1890-1,6
vincent-van-gogh_haystack-under-a-rainy-sky-1890,5
pierre-auguste-renoir_girl-with-a-letter-1894,1
marcel-duchamp_bare-stripped-bride-1968,2
mestre-ata-de_anjos-m-sicos-detail-1807,2
annibale-carracci_polyphemus-attacking-acis-and-galatea-1605,1
annibale-carracci_assumption-of-the-virgin-mary-1601,1
martiros-saryan_yerevan-1923,8
francisc-sirato_flori,6
john-everett-millais_a-young-girl-combing-her-hair,5
harry-clarke_the-year-s-at-the-spring-1920-5,4
lucian-grigorescu_peisaj-din-bucure-ti-1940,3
pablo-picasso_women-s-toilette-1961,8
fyodor-bronnikov_a-fisherman-hunging-fishing-nets-1875,6
georges-papazoff_composition-1932,8
vasily-surikov_portrait-of-governor-zamyatnin,6
john-henry-twachtman_the-brook-greenwich-connecticut-aka-horseneck-falls-greenwich-connecticut-1900,3
stefan-dimitrescu_street-in-ia-i,5
giovanni-battista-piranesi_vedute-di-roma-104,4
jan-matejko_przemysl-ii,1
konstantinos-parthenis_la-temperanza-woman-holding-a-knife-1938,4
francisco-toledo_caballo-en-los-cerros-1067,8
richard-oelze_z-74-1949,1
john-william-godward_at-the-garden-door-1901,4
piet-mondrian_study-for-blue-apple-tree-series,5
maxime-maufra_douarnenez-in-sunshine-1897,3
orest-kiprensky_blind-musician-1809,6
thomas-theodor-heine_simplicissimus-1897,0
salvador-dali_untitled-design-for-the-ball-in-the-dream-sequence-in-spellbound,8
agostino-carracci_alcibiade-and-glycere,7
joseph-wright_portrait-of-mrs-catherine-swindell-1772,7
thomas-eakins_illustrated-letter-written-to-his-family-1866,8
nicholas-roerich_earth-paternoster-1907,8
aleksey-savrasov_landscape-with-hut-1866,6
pierre-auguste-renoir_landscape-1868,2
amedeo-modigliani_caryatid-1,9
gustave-moreau_saint-george,4
mikhail-vrubel_italy-scenes-of-ancient-life-sketch-for-the-curtain-in-russian-private-opera-1891,0
konstantin-somov_portrait-of-m-lukyanov,0
ivan-bilibin_illustration-for-the-fairytale-sinbad-the-sailor,0
georges-braque_anemones-1924,5
sebastien-bourdon_le-crucifiement-de-saint-pierre-1643,1
john-singleton-copley_self-portrait-1784,6
leon-bakst_portrait-of-russian-painter-filipp-andreevich-maljawin,1
giovanni-battista-piranesi_candlestick-in-the-courtyard-of-the-palazzo-lante-in-st-eustachius,4
odilon-redon_apollo-s-chariot-5,8
salvador-dali_partial-hallucination-six-apparitions-of-lenin-on-a-piano-1931,8
pierre-auguste-renoir_the-beal-1905,3
henri-de-toulouse-lautrec_at-the-moulin-rouge-the-dance-1890,0
dorothy-lathrop_illustration-for-hitty-3,5
salvador-dali_the-tower,8
raphael-kirchner_salome-1903,6
david-teniers-the-younger_smokers-and-drinkers,6
vincent-van-gogh_lilac-bush-1889,5
john-singer-sargent_study-for-two-heads-for-boston-mural-the-prophets,4
vasily-vereshchagin_burlak-who-hold-hands-on-the-strap-1866,6
nikolai-ge_sorrento,7
giovanni-battista-piranesi_following-the-above-table-1,4
nicholas-roerich_saint-nicholas-1914,9
boris-kustodiev_in-the-rooms-1906,9
david-wilkie_portrait-of-king-william-iv-1765-1837-1837,7
thomas-eakins_boy-laying-in-atelier,4
william-adolphe-bouguereau_the-abduction-of-psyche,4
vasily-surikov_morning-of-the-strelets-execution-1881,5
william-holman-hunt_a-converted-british-family-sheltering-a-christian-priest-from-the-persecution-of-the-druids-1850,3
ilya-repin_a-man-in-white-jacket-1913,5
jules-cheret_saxol-ine-p-trole-de-suret-1900,0
ivan-aivazovsky_sailing-in-the-sea-1884,7
felix-labisse_grand-carnival-ostendais-1934,8
edward-burne-jones_the-three-graces,4
francisco-toledo_el-conejo-y-el-zapato,8
amedeo-modigliani_cafe-singer-1917,2
john-william-godward_he-loves-me-he-loves-me-not-1896,2
james-tissot_the-taking-of-jericho,3
konstantin-makovsky_the-scene-on-the-outskirts-of-the-city,3
vasily-vereshchagin_uzbek-dishes-seller-1873,7
ivan-aivazovsky_the-tempest-1886,7
joan-miro_not_detected_227959,2
rene-magritte_the-future-of-statues-1937,2
fernand-khnopff_silence-1890,9
costas-niarchos_the-dominant-orange,0
leonora-carrington_the-lovers-1987,8
ligia-macovei_unknown-title,9
franz-xaver-winterhalter_henri-eugene-philippe-duc-d-aumale-commander-of-the-17th-batallion-of-the-light-infantry,7
kansuke-yamamoto_untitled-1940-2,8
giovanni-battista-piranesi_vedute-di-roma-82,4
george-frederick-watts_paulo-and-francesco,3
john-hoppner_eleanor-agnes-hobart-countess-of-buckinghamshire,6
david-teniers-the-younger_smokers-in-an-interior,1
orest-kiprensky_dreamer,7
ernst-ludwig-kirchner_harnessed-team,2
kuzma-petrov-vodkin_girl-with-a-doll-1937,6
zinaida-serebriakova_pears-on-the-branches-1930,1
maurice-utrillo_lapin-agile-2,3
henri-matisse_two-figures-reclining-in-a-landscape-1921,5
karl-bryullov_ascension-baron-shieling,3
ernst-ludwig-kirchner_standing-female-nude-in-frot-of-a-tent,2
joan-miro_ladders-cross-the-blue-sky-in-a-wheel-of-fire,8
albert-anker_die-kn-chelspieler-1864,3
pierre-bonnard_view-of-le-cannet-roofs-1942,3
ferdinand-hodler_swearing-to-the-right-2,8
francisco-goya_the-duchess-of-alba-arranging-her-hair-1796,9
george-frederick-watts_happy-warrior,9
jan-steen_dissolute-household,1
rembrandt_jean-lutma-1656,1
william-adolphe-bouguereau_psyche-1892,4
osias-beert_still-life-of-a-roast-chicken-a-ham-and-olives-on-pewter-plates-with-a-bread-roll-an-orange,1
edward-burne-jones_merlin-and-nimue-1861,5
victor-brauner_portrait-aux-fleurs-1953,8
mary-cassatt_woman-in-a-black-hat-and-a-raspberry-pink-costume-1900,6
zdislav-beksinski_untitled-293,8
emil-nolde_the-last-supper-1909,5
miklos-barabas_portrait-of-a-woman-1831,4
vasily-polenov_the-mill-on-the-source-of-the-river-vel-1874,6
nicholas-roerich_parting-century,0
vladimir-dimitrov_unknown-title-5,2
jose-de-almada-negreiros_capa-da-revista-contempor-nea-1915,0
henri-de-toulouse-lautrec_in-the-bois-1897,0
john-william-godward_girl-with-a-mirror-1892,3
rembrandt_hendrickje-sleeping,2
viorel-marginean_pas-rea-phoenix-1990,5
odilon-redon_i-have-sometimes-seen-in-the-sky-what-seemed-like-forms-of-spirits-plate-21-1896,9
remedios-varo_taurus,6
dante-gabriel-rossetti_the-blessed-damozel-study-1873,7
giovanni-battista-piranesi_the-creation-of-woman,4
nicholas-roerich_izvarka-1893,1
raphael-kirchner_street-flowers-1899-2,0
giovanni-battista-piranesi_arch-of-septimius-severus,4
anita-malfatti_veneza-canaleto-1924,8
arthur-hughes_the-property-room-1879,1
pablo-picasso_untitled-1937-4,0
william-adolphe-bouguereau_baigneuse-1870,4
john-atkinson-grimshaw_the-heron-s-haunt,6
gustave-loiseau_by-the-orne-river-near-caen,6
max-ernst_oedipus-rex-1922,3
dorothy-lathrop_hitty-by-rachel-field-3-1929,0
nicholas-roerich_great-spirit-of-himalayas-1934,9
pyotr-konchalovsky_a-sketch-of-a-female-figure-seated-in-a-chair-for-the-portrait-of-actress-vizarova-1917,2
raphael-kirchner_girls-with-purple-surrounds-1900-3,0
ivan-aivazovsky_sheepdip-1878,7
tivadar-kosztka-csontvary_pilgrimage-to-the-cedars-in-lebanon-1907,1
nicholas-roerich_ledenets-1919-1,4
nicholas-roerich_lake-of-the-nagas-kashmir-1936,9
paul-cezanne_sorrow-1867,2
mstislav-dobuzhinsky_farm-in-new-england-1940,8
volodymyr-orlovsky_view-of-alupka-palace,3
vincent-van-gogh_the-stone-bench-in-the-garden-at-saint-paul-hospital-1889,5
gwen-john_a-lady-reading-1911,6
john-william-godward_youth-and-time-1901,4
moise-kisling_the-castaway-1927,2
gustave-loiseau_the-house-1906,5
johan-christian-dahl_gewitterstimmung-bei-dresden-1830,7
arnold-b-cklin_war-1896,1
harry-clarke_tales-of-mystery-and-imagination-by-edgar-allan-poe-1923-9,7
pablo-picasso_the-roofs-of-barcelona-in-the-moonlight-1903,9
vincent-van-gogh_barn-owl-viewed-from-the-front-1887,6
william-shayer_the-end-of-the-day,7
pablo-picasso_family-at-the-seashore-1922,4
rembrandt_supper-at-emmaus-1649,1
konstantinos-parthenis_christ-1900,1
martiros-saryan_caravan-1926,9
pablo-picasso_crane-book-and-oil-lamp-1946,8
joan-miro_bathing-woman,9
franz-marc_resting-cows-1911,2
sergey-solomko_the-head-of-the-roman-youth,4
m-c-escher_bookplate-bastiaan-kist,8
vincent-van-gogh_the-shepherdess-after-millet-1889,5
camille-corot_interrupted-reading-1870,4
boris-kustodiev_promenade-along-the-volga-1909,0
john-singer-sargent_george-frederick-mccorquodale-1902,6
stefan-popescu_blue-landscape-1913,2
konstantin-korovin_fruit-seller-costume-design-for-gartman-s-ballet-1906,0
ferdinand-hodler_landscape-with-two-small-trees,3
konstantinos-parthenis_gazing-at-peace-1938,9
ernst-ludwig-kirchner_practising-dancer,4
giovanni-battista-piranesi_symbolic-struggle-of-cupid-and-pan,4
martiros-saryan_female-portrait-1952,2
claude-monet_the-alps-seen-from-cap-d-antibes,3
henri-edmond-cross_study-for-the-grape-pickers,5
joseph-wright_the-orrery,1
viktor-vasnetsov_ochtir-1879,6
edouard-cortes_place-de-clichy-in-winter-1,5
zinaida-serebriakova_turkey-two-odalisques-1916,0
pablo-picasso_crucifixion-study-1930,8
boris-kustodiev_masha-the-daughter-of-merchant-1924,0
jean-leon-gerome_entry-of-the-christ-in-jerusalem,7
koloman-moser_portrait-of-a-girl,2
jean-david_holiday-all-year-round-1965,0
julius-leblanc-stewart_yachting-in-the-mediterranean-1896,3
orest-kiprensky_portrait-of-kusov-aleksey-ivanovich-1809,7
pablo-picasso_great-still-life-on-pedestal-1931,8
claude-monet_water-lilies-1899,3
robert-brackman_life-still-life-3,2
childe-hassam_maude-sewing,0
louis-janmot_flower-of-the-fields-1845,4
mikhail-vrubel_portrait-of-student-1882,7
vincent-van-gogh_cypresses,0
camille-pissarro_ducks-on-the-pond-at-montfoucault,6
richard-gerstl_selbstbildnis-mit-palette-1906-7,2
paul-gauguin_the-meal-the-bananas-1891,2
edouard-manet_steamboat-leaving-boulogne-1864,8
peter-paul-rubens_virgin-in-adoration-before-the-christ-child,1
ferdinand-hodler_view-of-the-horn-of-fromberg-from-reichenbach-1903,0
adam-baltatu_summer-landscape-2,3
giovanni-boldini_landscape-with-trees-1900,2
richard-gerstl_self-portrait,9
koloman-moser_wotan-and-brunhilde,9
bartolome-esteban-murillo_boy-with-a-dog,1
mikhail-nesterov_portrait-of-e-p-nesterova-1906,7
orest-kiprensky_portrait-of-a-military-doctor-1812,7
nicholas-roerich_the-last-king-empty-throne-1922,4
tia-peltz_baba-cloan-a,5
berthe-morisot_young-girl-in-white,3
john-singer-sargent_alhambra-patio-de-la-reja-1879,6
francesco-hayez_the-last-kiss-of-romeo-and-juliet-1823,1
orest-kiprensky_griffonnage-1814,0
gustave-dore_gargantua-1873-1,1
henri-de-toulouse-lautrec_jane-avril-1893,0
nicholas-roerich_sunset,9
oskar-kokoschka_not_detected_235867,5
ilya-mashkov_rowanberry-1939,5
martiros-saryan_motherland-1971,0
paul-cezanne_the-drinker-1891,2
ferdinand-hodler_thirteen-standing-draped-figures,0
benjamin-west_jacob-blessing-ephraim-and-manasseh-1768,1
ivan-bilibin_underwater-illustration-for-the-epic-volga-1928,9
gustave-dore_don-quixote-93,7
odilon-redon_poppies-in-a-vase,6
jacob-van-strij_landscape-with-cows,1
salvador-dali_portrait-of-my-first-cousin,2
joseph-wright_the-prisoner,1
dorothy-lathrop_illustration-for-down-adown-derry-1,1
konstantin-bogaevsky_landscape-with-rocks-stary-krym-1908,3
jean-auguste-dominique-ingres_henry-iv-recieving-the-ambassador-of-spain-1817,1
cornelis-springer_a-cathedral-on-a-townsquare-in-summer-1846,1
bartolome-esteban-murillo_angel-holding-a-hammer-and-nails-1660,4
vincent-van-gogh_vineyards-with-a-view-of-auvers-1890,5
ivan-aivazovsky_wedding-in-ukraine-1892,7
valentin-serov_the-wolf-and-the-shepherds-1898,2
pyotr-konchalovsky_school-of-yungs-came-the-first-1929,0
william-adolphe-bouguereau_study-for-vierge-aux-anges,4
wilhelm-kotarbinski_seraphim,5
john-atkinson-grimshaw_a-mountain-road-flood-time-1868,7
zinaida-serebriakova_peasants-1914,2
nicholas-roerich_sketch-for-light-conquers-darkness-1933,9
pablo-picasso_reclining-nude-1908,2
raphael-kirchner_stained-glass-art-3,0
johan-christian-dahl_frogner-manor-1842,7
thomas-cole_expulsion-from-the-garden-of-eden-1828,7
ramon-oviedo_forma-milenaria,2
boris-grigoriev_woman-with-cat,2
george-mavroides_on-a-couch,3
gustave-courbet_riverside,6
edmund-dulac_selene-and-endymion,4
paul-cezanne_mont-sainte-victoire-1898,5
pavel-svinyin_replenishing-the-ship-s-larder-with-codfish-off-the-newfoundland-coast,7
nicholas-roerich_ladakh-golden-clouds-over-blue-mountains-1943,9
dimitrie-paciurea_sphynx-1913,3
alfred-sisley_the-path-from-saint-mammes-morning-1890,3
remedios-varo_cosmic-energy,9
victor-hugo_ermitage-rock-in-an-imaginary-landscape-1855,8
tsuguharu-foujita_christ-en-croix,0
giovanni-battista-piranesi_ancient-temple-commonly-known-as-the-health-on-the-way-at-albano-five-miles-distant-from-rome,4
ligia-macovei_unknown-title-6,2
alexandre-benois_at-the-gambling-house-1910-1,6
walter-battiss_figures-and-a-dog-in-a-mountainous-landscape,3
tsuguharu-foujita_les-divertissements-d-eros,2
pablo-picasso_untitled-1937-9,2
william-adolphe-bouguereau_compassion-1897,4
lovis-corinth_self-portrait-without-a-collar-1900,6
edmund-dulac_the-pearl-of-the-boar-from-the-kingdom-of-the-pearl,0
george-frederick-watts_genius-of-greek-poetry-1878,0
eugene-delacroix_self-portrait-with-cap-1832,6
sergey-solomko_christ-is-risen,7
edouard-manet_portrait-of-clemenceau-at-the-tribune-1880,6
fyodor-solntsev_royal-clothing-of-the-xvii-century-the-image-of-tsar-fedor-alekseevich,0
jacek-malczewski_the-tribute-money-triptych-middle,5
orest-kiprensky_portrait-of-the-prince-aleksandr-mikhailovich-golitsyn-1819,6
moise-kisling_contrasting-sounds-1918,2
pablo-picasso_las-meninas-velazquez-1957-4,8
gustave-dore_the-children-s-crusade-in-1212-1877,4
petre-abrudan_tulcea-outskirts,3
giovanni-battista-piranesi_vedute-di-roma-19,4
theodore-rousseau_sunset-at-arbonne,7
martiros-saryan_a-nook-of-old-yerevan-1928,2
arnold-b-cklin_high-mountains-with-chamoises-1849,6
charles-demuth_the-shine-1916,2
claude-monet_the-seine-at-vetheuil,3
vasily-tropinin_the-lacemaker,1
mordecai-ardon_ein-karem-1944,3
eliseu-visconti_bas-de-portiere,5
candido-portinari_lavadeiras,1
anna-ostroumova-lebedeva_willows-near-novosilviysky-bridge-1923,7
vincent-van-gogh_female-nude-standing-1886,4
